{"loss": [313.03729248046875, 106.74036407470703, 35.45478439331055, 11.153535842895508, 3.3544788360595703, 1.0555477142333984, 0.4394069314002991, 0.289071261882782, 0.25419434905052185, 0.24301107227802277, 0.23612786829471588, 0.23125672340393066, 0.22821545600891113, 0.224061518907547, 0.22068434953689575, 0.21806570887565613, 0.21680524945259094, 0.21380725502967834, 0.21276336908340454, 0.21112853288650513, 0.20847775042057037, 0.20763042569160461, 0.20692510902881622, 0.20492324233055115, 0.20433083176612854, 0.20278213918209076, 0.20193691551685333, 0.20144957304000854, 0.20070597529411316, 0.200106680393219, 0.19986791908740997, 0.19871093332767487, 0.1983373910188675, 0.19751298427581787, 0.19741594791412354, 0.19645854830741882, 0.1961192637681961, 0.19513025879859924, 0.19590868055820465, 0.1952480971813202, 0.19404323399066925, 0.19398587942123413, 0.19374166429042816, 0.19337797164916992, 0.19299601018428802, 0.19311797618865967, 0.19352586567401886, 0.19223500788211823, 0.1918955296278, 0.1915712058544159, 0.19030028581619263, 0.1909303218126297, 0.19038940966129303, 0.19033625721931458, 0.19010032713413239, 0.1904706209897995, 0.18937139213085175, 0.19019976258277893, 0.18423274159431458, 0.18393778800964355, 0.1837823987007141, 0.1838177740573883, 0.18365859985351562, 0.18366360664367676, 0.18365037441253662, 0.18342489004135132, 0.18344652652740479, 0.18349848687648773, 0.18348655104637146, 0.18316660821437836, 0.18323981761932373, 0.1834346354007721, 0.18303339183330536, 0.18303219974040985, 0.1830231100320816], "val_loss": [174.17642211914062, 58.881813049316406, 18.970741271972656, 5.773382186889648, 1.7398693561553955, 0.6142333149909973, 0.3300333619117737, 0.26893913745880127, 0.25195443630218506, 0.24354900419712067, 0.2393980771303177, 0.2280302345752716, 0.2331727147102356, 0.2335052788257599, 0.2199590504169464, 0.21789118647575378, 0.21567708253860474, 0.21464906632900238, 0.21223410964012146, 0.20967361330986023, 0.20847125351428986, 0.2075609564781189, 0.20845842361450195, 0.21885040402412415, 0.20514224469661713, 0.2011171132326126, 0.20017191767692566, 0.20086221396923065, 0.19966717064380646, 0.19913510978221893, 0.19644133746623993, 0.2017018049955368, 0.1991928070783615, 0.1961514949798584, 0.19684751331806183, 0.20080861449241638, 0.1958000361919403, 0.19356560707092285, 0.19374677538871765, 0.20378108322620392, 0.19655030965805054, 0.19316159188747406, 0.1930861473083496, 0.1977490782737732, 0.20988722145557404, 0.19911862909793854, 0.19322091341018677, 0.199698343873024, 0.18960627913475037, 0.18936897814273834, 0.20916204154491425, 0.19013287127017975, 0.1916266530752182, 0.1914408653974533, 0.1904742568731308, 0.20090124011039734, 0.19263873994350433, 0.19256320595741272, 0.18593576550483704, 0.18566833436489105, 0.18583588302135468, 0.18577039241790771, 0.18553905189037323, 0.18810898065567017, 0.1853216588497162, 0.18562455475330353, 0.18558621406555176, 0.18682588636875153, 0.1849464774131775, 0.18545116484165192, 0.18580156564712524, 0.1850716471672058, 0.18490058183670044, 0.18549755215644836, 0.18524643778800964], "learning_rate": [0.0010000000474974513, 0.0010000000474974513, 0.0010000000474974513, 0.0010000000474974513, 0.0010000000474974513, 0.0010000000474974513, 0.0010000000474974513, 0.0010000000474974513, 0.0010000000474974513, 0.0010000000474974513, 0.0010000000474974513, 0.0010000000474974513, 0.0010000000474974513, 0.0010000000474974513, 0.0010000000474974513, 0.0010000000474974513, 0.0010000000474974513, 0.0010000000474974513, 0.0010000000474974513, 0.0010000000474974513, 0.0010000000474974513, 0.0010000000474974513, 0.0010000000474974513, 0.0010000000474974513, 0.0010000000474974513, 0.0010000000474974513, 0.0010000000474974513, 0.0010000000474974513, 0.0010000000474974513, 0.0010000000474974513, 0.0010000000474974513, 0.0010000000474974513, 0.0010000000474974513, 0.0010000000474974513, 0.0010000000474974513, 0.0010000000474974513, 0.0010000000474974513, 0.0010000000474974513, 0.0010000000474974513, 0.0010000000474974513, 0.0010000000474974513, 0.0010000000474974513, 0.0010000000474974513, 0.0010000000474974513, 0.0010000000474974513, 0.0010000000474974513, 0.0010000000474974513, 0.0010000000474974513, 0.0010000000474974513, 0.0010000000474974513, 0.0010000000474974513, 0.0010000000474974513, 0.0010000000474974513, 0.0010000000474974513, 0.0010000000474974513, 0.0010000000474974513, 0.0010000000474974513, 0.0010000000474974513, 0.00020000000949949026, 0.00020000000949949026, 0.00020000000949949026, 0.00020000000949949026, 0.00020000000949949026, 0.00020000000949949026, 0.00020000000949949026, 0.00020000000949949026, 0.00020000000949949026, 0.00020000000949949026, 0.00020000000949949026, 0.00020000000949949026, 0.00020000000949949026, 0.00020000000949949026, 0.00020000000949949026, 0.00020000000949949026, 0.00020000000949949026]}