{"loss": [1212.98388671875, 406.70831298828125, 131.8430633544922, 39.569332122802734, 10.673776626586914, 2.551704168319702, 0.5764903426170349, 0.18208715319633484, 0.1196076050400734, 0.11027466505765915, 0.10658147931098938, 0.10457250475883484, 0.10167907178401947, 0.10061442106962204, 0.09938390552997589, 0.10090269893407822, 0.09672892838716507, 0.09543848782777786, 0.09606946259737015, 0.09526576846837997, 0.09459929168224335, 0.09215647727251053, 0.09286952763795853, 0.09215930849313736, 0.09265006333589554, 0.0901637077331543, 0.09249310195446014, 0.09191091358661652, 0.09003692865371704, 0.09043806791305542, 0.08963555097579956, 0.09034430235624313, 0.08958670496940613, 0.08750206977128983, 0.09002776443958282, 0.08818626403808594, 0.08778749406337738, 0.08939356356859207, 0.08851363509893417, 0.0877947136759758, 0.08741800487041473, 0.08764810115098953, 0.08618535846471786, 0.08602028340101242, 0.08704496920108795, 0.08673974126577377, 0.08659408241510391, 0.08668605983257294, 0.0860518366098404, 0.07785025984048843, 0.0773225948214531, 0.07713636755943298, 0.07716041058301926, 0.0769370049238205, 0.0768444687128067, 0.07667134702205658, 0.0770588219165802, 0.07685726135969162, 0.0767139419913292, 0.07674247771501541, 0.07675408571958542, 0.07661605626344681, 0.07666122168302536, 0.07442394644021988, 0.07430685311555862, 0.0742175504565239, 0.07412794977426529, 0.0742127075791359, 0.07419247925281525, 0.07409040629863739, 0.07426579296588898, 0.0742054283618927, 0.07418061792850494, 0.07424871623516083, 0.07412595301866531], "val_loss": [668.5789794921875, 221.6266632080078, 68.98774719238281, 19.48650550842285, 4.879279136657715, 1.0954862833023071, 0.2744632661342621, 0.13817977905273438, 0.11316922307014465, 0.11778555065393448, 0.1100955456495285, 0.10163223743438721, 0.10056786984205246, 0.10121894627809525, 0.09702545404434204, 0.09728192538022995, 0.09523987025022507, 0.094591423869133, 0.09718317538499832, 0.09890750050544739, 0.09168384224176407, 0.10437848418951035, 0.1220933273434639, 0.0920621007680893, 0.10510686784982681, 0.09108037501573563, 0.11658492684364319, 0.09025625884532928, 0.09176851809024811, 0.08792377263307571, 0.09165548533201218, 0.0873013362288475, 0.09346899390220642, 0.08860982209444046, 0.09674017131328583, 0.08488474786281586, 0.0909065306186676, 0.08422638475894928, 0.08700735121965408, 0.08459068089723587, 0.08372654765844345, 0.08375152200460434, 0.11464860290288925, 0.084996297955513, 0.08364547789096832, 0.0918891578912735, 0.08651237189769745, 0.09100231528282166, 0.08835424482822418, 0.07937902957201004, 0.08654763549566269, 0.08194271475076675, 0.08050492405891418, 0.07861083745956421, 0.0782538428902626, 0.07874128222465515, 0.08017802983522415, 0.0813136100769043, 0.0781686082482338, 0.07867517322301865, 0.07850483804941177, 0.07837186753749847, 0.07996877282857895, 0.07765400409698486, 0.07758267968893051, 0.07751227170228958, 0.07773669809103012, 0.07752906531095505, 0.07755079120397568, 0.07787977159023285, 0.07743555307388306, 0.0775265023112297, 0.07773243635892868, 0.0773710235953331, 0.07743839174509048], "learning_rate": [0.0010000000474974513, 0.0010000000474974513, 0.0010000000474974513, 0.0010000000474974513, 0.0010000000474974513, 0.0010000000474974513, 0.0010000000474974513, 0.0010000000474974513, 0.0010000000474974513, 0.0010000000474974513, 0.0010000000474974513, 0.0010000000474974513, 0.0010000000474974513, 0.0010000000474974513, 0.0010000000474974513, 0.0010000000474974513, 0.0010000000474974513, 0.0010000000474974513, 0.0010000000474974513, 0.0010000000474974513, 0.0010000000474974513, 0.0010000000474974513, 0.0010000000474974513, 0.0010000000474974513, 0.0010000000474974513, 0.0010000000474974513, 0.0010000000474974513, 0.0010000000474974513, 0.0010000000474974513, 0.0010000000474974513, 0.0010000000474974513, 0.0010000000474974513, 0.0010000000474974513, 0.0010000000474974513, 0.0010000000474974513, 0.0010000000474974513, 0.0010000000474974513, 0.0010000000474974513, 0.0010000000474974513, 0.0010000000474974513, 0.0010000000474974513, 0.0010000000474974513, 0.0010000000474974513, 0.0010000000474974513, 0.0010000000474974513, 0.0010000000474974513, 0.0010000000474974513, 0.0010000000474974513, 0.0010000000474974513, 0.00020000000949949026, 0.00020000000949949026, 0.00020000000949949026, 0.00020000000949949026, 0.00020000000949949026, 0.00020000000949949026, 0.00020000000949949026, 0.00020000000949949026, 0.00020000000949949026, 0.00020000000949949026, 0.00020000000949949026, 0.00020000000949949026, 0.00020000000949949026, 0.00020000000949949026, 4.0000002627493814e-05, 4.0000002627493814e-05, 4.0000002627493814e-05, 4.0000002627493814e-05, 4.0000002627493814e-05, 4.0000002627493814e-05, 4.0000002627493814e-05, 4.0000002627493814e-05, 4.0000002627493814e-05, 4.0000002627493814e-05, 4.0000002627493814e-05, 4.0000002627493814e-05]}