{"loss": [2738.642578125, 922.247802734375, 301.6327209472656, 91.90026092529297, 25.33018684387207, 6.187157154083252, 1.3451621532440186, 0.29526448249816895, 0.10141389071941376, 0.07345506548881531, 0.07111580669879913, 0.06801535934209824, 0.06917217373847961, 0.0671902745962143, 0.06771025061607361, 0.06387121975421906, 0.0643574669957161, 0.06607270240783691, 0.06336314231157303, 0.06419079750776291, 0.06515724211931229, 0.05979027599096298, 0.06124836206436157, 0.0628059133887291, 0.06244110316038132, 0.06266529113054276, 0.0604703389108181, 0.059883296489715576, 0.05831288546323776, 0.060483161360025406, 0.061090126633644104, 0.05973227694630623, 0.05875160172581673, 0.060351356863975525, 0.0586475133895874, 0.059676166623830795, 0.0470304973423481, 0.046193234622478485, 0.046306319534778595, 0.04626234248280525, 0.046097997575998306, 0.046119336038827896, 0.04612981155514717, 0.045615054666996, 0.0457274504005909, 0.04621250927448273, 0.04569801315665245, 0.045600276440382004, 0.045664481818675995, 0.04523937404155731, 0.04553014785051346, 0.04539529234170914, 0.04518011957406998, 0.045502107590436935, 0.04495350643992424, 0.044895365834236145, 0.045421477407217026, 0.04458950087428093, 0.04509127512574196, 0.04469733312726021, 0.044904496520757675, 0.0447012297809124, 0.044803619384765625, 0.044455233961343765, 0.044308409094810486, 0.04477044939994812, 0.04465445876121521, 0.04416457563638687, 0.044556185603141785, 0.044559698551893234, 0.044356755912303925, 0.04485362768173218, 0.04433174803853035, 0.04430806636810303, 0.04434050992131233], "val_loss": [1512.4990234375, 504.7595520019531, 159.08712768554688, 45.810951232910156, 11.756107330322266, 2.6562623977661133, 0.5572603940963745, 0.15462535619735718, 0.07779145240783691, 0.1110481321811676, 0.06983297318220139, 0.0613480843603611, 0.08695963770151138, 0.05957659333944321, 0.06567542254924774, 0.08570357412099838, 0.07676523923873901, 0.08328983932733536, 0.05632147565484047, 0.19073529541492462, 0.06797744333744049, 0.06462156027555466, 0.054383356124162674, 0.05997234210371971, 0.06101858988404274, 0.06058848649263382, 0.05446164309978485, 0.05291946232318878, 0.07113375514745712, 0.062713623046875, 0.07162584364414215, 0.055341687053442, 0.06950750201940536, 0.053022779524326324, 0.05322101712226868, 0.06809086352586746, 0.04800085723400116, 0.04561958461999893, 0.04596922546625137, 0.046951211988925934, 0.04777302220463753, 0.04454320669174194, 0.04634275287389755, 0.0447065494954586, 0.045541975647211075, 0.04679717496037483, 0.04610536992549896, 0.044786736369132996, 0.04441286250948906, 0.04427820444107056, 0.04431740939617157, 0.04379266873002052, 0.04416763409972191, 0.047457851469516754, 0.04367675632238388, 0.046631015837192535, 0.04389885440468788, 0.045832157135009766, 0.043437760323286057, 0.04682113230228424, 0.04653668776154518, 0.04371371492743492, 0.04529407620429993, 0.043998681008815765, 0.045107416808605194, 0.0440538264811039, 0.042681846767663956, 0.04376409202814102, 0.04850510507822037, 0.042890649288892746, 0.04886040464043617, 0.04645908251404762, 0.04359391704201698, 0.045870084315538406, 0.04286959394812584], "learning_rate": [0.0010000000474974513, 0.0010000000474974513, 0.0010000000474974513, 0.0010000000474974513, 0.0010000000474974513, 0.0010000000474974513, 0.0010000000474974513, 0.0010000000474974513, 0.0010000000474974513, 0.0010000000474974513, 0.0010000000474974513, 0.0010000000474974513, 0.0010000000474974513, 0.0010000000474974513, 0.0010000000474974513, 0.0010000000474974513, 0.0010000000474974513, 0.0010000000474974513, 0.0010000000474974513, 0.0010000000474974513, 0.0010000000474974513, 0.0010000000474974513, 0.0010000000474974513, 0.0010000000474974513, 0.0010000000474974513, 0.0010000000474974513, 0.0010000000474974513, 0.0010000000474974513, 0.0010000000474974513, 0.0010000000474974513, 0.0010000000474974513, 0.0010000000474974513, 0.0010000000474974513, 0.0010000000474974513, 0.0010000000474974513, 0.0010000000474974513, 0.00020000000949949026, 0.00020000000949949026, 0.00020000000949949026, 0.00020000000949949026, 0.00020000000949949026, 0.00020000000949949026, 0.00020000000949949026, 0.00020000000949949026, 0.00020000000949949026, 0.00020000000949949026, 0.00020000000949949026, 0.00020000000949949026, 0.00020000000949949026, 0.00020000000949949026, 0.00020000000949949026, 0.00020000000949949026, 0.00020000000949949026, 0.00020000000949949026, 0.00020000000949949026, 0.00020000000949949026, 0.00020000000949949026, 0.00020000000949949026, 0.00020000000949949026, 0.00020000000949949026, 0.00020000000949949026, 0.00020000000949949026, 0.00020000000949949026, 0.00020000000949949026, 0.00020000000949949026, 0.00020000000949949026, 0.00020000000949949026, 0.00020000000949949026, 0.00020000000949949026, 0.00020000000949949026, 0.00020000000949949026, 0.00020000000949949026, 0.00020000000949949026, 0.00020000000949949026, 0.00020000000949949026]}