{"loss": [4836.06103515625, 1619.7786865234375, 524.327392578125, 157.390869140625, 42.62451171875, 10.201953887939453, 2.133147716522217, 0.40789881348609924, 0.10004814714193344, 0.05908766761422157, 0.05226077511906624, 0.05216111242771149, 0.05310815945267677, 0.054213035851716995, 0.05384307727217674, 0.050643809139728546, 0.05172483250498772, 0.05246233195066452, 0.05304617062211037, 0.04999254643917084, 0.048576388508081436, 0.052784886211156845, 0.048737190663814545, 0.04777701944112778, 0.058804165571928024, 0.0519881397485733, 0.050136882811784744, 0.048289600759744644, 0.04652753472328186, 0.04511377960443497, 0.048982128500938416, 0.04904627427458763, 0.04816144332289696, 0.04660554602742195, 0.054890815168619156, 0.04693935438990593, 0.04643239453434944, 0.03275031968951225, 0.030856577679514885, 0.031008319929242134, 0.03069617971777916, 0.03224670886993408, 0.03182624652981758, 0.031495995819568634, 0.030835160985589027, 0.03105270490050316, 0.031102899461984634, 0.031112568452954292, 0.030997304245829582, 0.030928166583180428, 0.030885180458426476, 0.030656201764941216, 0.030629204586148262, 0.030499666929244995, 0.030479304492473602, 0.030854327604174614, 0.03097345307469368, 0.030393239110708237, 0.030243411660194397, 0.030737798660993576, 0.030829649418592453, 0.03006199188530445, 0.03035954385995865, 0.03017851524055004, 0.027122143656015396, 0.026646744459867477, 0.02652077004313469, 0.02663968876004219, 0.026487920433282852, 0.02648581750690937, 0.026430699974298477, 0.026583146303892136, 0.026507403701543808, 0.026438364759087563, 0.0263469610363245], "val_loss": [2664.258056640625, 881.84326171875, 274.2498474121094, 77.6455078125, 19.547914505004883, 4.299570083618164, 0.8368076682090759, 0.16839395463466644, 0.06371112167835236, 0.04686962068080902, 0.051060259342193604, 0.05336705967783928, 0.05685329809784889, 0.05344283580780029, 0.0450405590236187, 0.04925888776779175, 0.05289031192660332, 0.04506354406476021, 0.044561006128787994, 0.043725740164518356, 0.06336558610200882, 0.055248674005270004, 0.0408342145383358, 0.059920646250247955, 0.07217103987932205, 0.04739435017108917, 0.045618221163749695, 0.047037456184625626, 0.039864785969257355, 0.04176351800560951, 0.0511460080742836, 0.0446636825799942, 0.044727496802806854, 0.0399169921875, 0.05088397115468979, 0.043091773986816406, 0.09352154284715652, 0.030948743224143982, 0.03296273574233055, 0.030937207862734795, 0.038925815373659134, 0.03180202096700668, 0.030777139589190483, 0.03168190270662308, 0.03460652381181717, 0.031088922172784805, 0.04396339878439903, 0.03211579844355583, 0.030641905963420868, 0.03099725767970085, 0.03134696185588837, 0.03132069855928421, 0.030456461012363434, 0.03885761648416519, 0.031121494248509407, 0.029898693785071373, 0.030781231820583344, 0.0345214419066906, 0.030238818377256393, 0.03182746469974518, 0.03101164661347866, 0.031463686376810074, 0.03064757026731968, 0.031068498268723488, 0.028094301000237465, 0.027936134487390518, 0.02816367708146572, 0.028016403317451477, 0.02773958072066307, 0.027872106060385704, 0.027857033535838127, 0.02841692976653576, 0.027830909937620163, 0.028492501005530357, 0.028088204562664032], "learning_rate": [0.0010000000474974513, 0.0010000000474974513, 0.0010000000474974513, 0.0010000000474974513, 0.0010000000474974513, 0.0010000000474974513, 0.0010000000474974513, 0.0010000000474974513, 0.0010000000474974513, 0.0010000000474974513, 0.0010000000474974513, 0.0010000000474974513, 0.0010000000474974513, 0.0010000000474974513, 0.0010000000474974513, 0.0010000000474974513, 0.0010000000474974513, 0.0010000000474974513, 0.0010000000474974513, 0.0010000000474974513, 0.0010000000474974513, 0.0010000000474974513, 0.0010000000474974513, 0.0010000000474974513, 0.0010000000474974513, 0.0010000000474974513, 0.0010000000474974513, 0.0010000000474974513, 0.0010000000474974513, 0.0010000000474974513, 0.0010000000474974513, 0.0010000000474974513, 0.0010000000474974513, 0.0010000000474974513, 0.0010000000474974513, 0.0010000000474974513, 0.0010000000474974513, 0.00020000000949949026, 0.00020000000949949026, 0.00020000000949949026, 0.00020000000949949026, 0.00020000000949949026, 0.00020000000949949026, 0.00020000000949949026, 0.00020000000949949026, 0.00020000000949949026, 0.00020000000949949026, 0.00020000000949949026, 0.00020000000949949026, 0.00020000000949949026, 0.00020000000949949026, 0.00020000000949949026, 0.00020000000949949026, 0.00020000000949949026, 0.00020000000949949026, 0.00020000000949949026, 0.00020000000949949026, 0.00020000000949949026, 0.00020000000949949026, 0.00020000000949949026, 0.00020000000949949026, 0.00020000000949949026, 0.00020000000949949026, 0.00020000000949949026, 4.0000002627493814e-05, 4.0000002627493814e-05, 4.0000002627493814e-05, 4.0000002627493814e-05, 4.0000002627493814e-05, 4.0000002627493814e-05, 4.0000002627493814e-05, 4.0000002627493814e-05, 4.0000002627493814e-05, 4.0000002627493814e-05, 4.0000002627493814e-05]}