{"loss": [10850.30078125, 3634.715087890625, 1177.91845703125, 353.8984069824219, 95.48067474365234, 22.51738739013672, 4.556612014770508, 0.7980636358261108, 0.14008603990077972, 0.049692295491695404, 0.07192111760377884, 0.04617641493678093, 0.050615571439266205, 0.04288233071565628, 0.053577225655317307, 0.04954412579536438, 0.07393518090248108, 0.050468072295188904, 0.04804188758134842, 0.044345784932374954, 0.06414073705673218, 0.05221777409315109, 0.02508527785539627, 0.024531537666916847, 0.025200262665748596, 0.024621807038784027, 0.02473178133368492, 0.02497716434299946, 0.024874428287148476, 0.024834251031279564, 0.02502506598830223, 0.024696988984942436, 0.0244421549141407, 0.02065320685505867, 0.020101776346564293, 0.020109660923480988, 0.020011654123663902, 0.02008012682199478, 0.02001158893108368, 0.019939765334129333, 0.019889501854777336, 0.019908495247364044, 0.019843392074108124, 0.019768772646784782, 0.019816270098090172, 0.01969294808804989, 0.01969708502292633, 0.019670166075229645, 0.019648078829050064, 0.01879027485847473, 0.018640847876667976, 0.018632326275110245, 0.01860298588871956, 0.018614426255226135, 0.01860126107931137, 0.018569406121969223, 0.018592968583106995, 0.01857975870370865, 0.018359003588557243, 0.01834203489124775, 0.01833970844745636, 0.018330063670873642, 0.018335700035095215, 0.018329137936234474, 0.018336867913603783, 0.01832881197333336, 0.018322590738534927, 0.01833144761621952, 0.018302680924534798, 0.018298327922821045, 0.018296167254447937, 0.018292706459760666, 0.01829460635781288, 0.01829742081463337, 0.018295595422387123], "val_loss": [5977.18017578125, 1979.9168701171875, 616.6276245117188, 174.41270446777344, 43.48432540893555, 9.334031105041504, 1.70840585231781, 0.2794659733772278, 0.06439333409070969, 0.05385764315724373, 0.03983107581734657, 0.04432128742337227, 0.06604408472776413, 0.028900884091854095, 0.041744690388441086, 0.06271857768297195, 0.06257056444883347, 0.04074389114975929, 0.045159146189689636, 0.08487696945667267, 0.031504422426223755, 0.038958434015512466, 0.023811710998415947, 0.02416922152042389, 0.022746175527572632, 0.024531826376914978, 0.024742189794778824, 0.02414645440876484, 0.022782279178500175, 0.024573395028710365, 0.024249721318483353, 0.027673427015542984, 0.023227285593748093, 0.019821004942059517, 0.020082423463463783, 0.01977834291756153, 0.019689355045557022, 0.01966053806245327, 0.019731836393475533, 0.020341457799077034, 0.019339533522725105, 0.019680382683873177, 0.02025727368891239, 0.01995822973549366, 0.01938597857952118, 0.01925060525536537, 0.019695168361067772, 0.01956067979335785, 0.019431278109550476, 0.018915830180048943, 0.019057756289839745, 0.018868036568164825, 0.018835153430700302, 0.018856773152947426, 0.018831102177500725, 0.019162781536579132, 0.01907418854534626, 0.018988441675901413, 0.01888677105307579, 0.018813882023096085, 0.018843458965420723, 0.01885727234184742, 0.018824540078639984, 0.018853578716516495, 0.01882856711745262, 0.018859874457120895, 0.018827028572559357, 0.018816027790308, 0.018803488463163376, 0.018798358738422394, 0.018832772970199585, 0.01879649981856346, 0.01879769191145897, 0.01879292167723179, 0.01877550780773163], "learning_rate": [0.0010000000474974513, 0.0010000000474974513, 0.0010000000474974513, 0.0010000000474974513, 0.0010000000474974513, 0.0010000000474974513, 0.0010000000474974513, 0.0010000000474974513, 0.0010000000474974513, 0.0010000000474974513, 0.0010000000474974513, 0.0010000000474974513, 0.0010000000474974513, 0.0010000000474974513, 0.0010000000474974513, 0.0010000000474974513, 0.0010000000474974513, 0.0010000000474974513, 0.0010000000474974513, 0.0010000000474974513, 0.0010000000474974513, 0.0010000000474974513, 0.00020000000949949026, 0.00020000000949949026, 0.00020000000949949026, 0.00020000000949949026, 0.00020000000949949026, 0.00020000000949949026, 0.00020000000949949026, 0.00020000000949949026, 0.00020000000949949026, 0.00020000000949949026, 0.00020000000949949026, 4.0000002627493814e-05, 4.0000002627493814e-05, 4.0000002627493814e-05, 4.0000002627493814e-05, 4.0000002627493814e-05, 4.0000002627493814e-05, 4.0000002627493814e-05, 4.0000002627493814e-05, 4.0000002627493814e-05, 4.0000002627493814e-05, 4.0000002627493814e-05, 4.0000002627493814e-05, 4.0000002627493814e-05, 4.0000002627493814e-05, 4.0000002627493814e-05, 4.0000002627493814e-05, 8.000000889296643e-06, 8.000000889296643e-06, 8.000000889296643e-06, 8.000000889296643e-06, 8.000000889296643e-06, 8.000000889296643e-06, 8.000000889296643e-06, 8.000000889296643e-06, 8.000000889296643e-06, 1.6000001323845936e-06, 1.6000001323845936e-06, 1.6000001323845936e-06, 1.6000001323845936e-06, 1.6000001323845936e-06, 1.6000001323845936e-06, 1.6000001323845936e-06, 1.6000001323845936e-06, 1.6000001323845936e-06, 1.6000001323845936e-06, 9.999999974752427e-07, 9.999999974752427e-07, 9.999999974752427e-07, 9.999999974752427e-07, 9.999999974752427e-07, 9.999999974752427e-07, 9.999999974752427e-07]}