{"loss": [0.6982461214065552, 0.6969608068466187, 0.696121096611023, 0.6955191493034363, 0.6950748562812805, 0.694850742816925, 0.6945300102233887, 0.6878617405891418, 0.486955851316452, 0.30977845191955566, 0.2610912621021271, 0.24217309057712555, 0.23297707736492157, 0.22636623680591583, 0.2226545661687851, 0.21920813620090485, 0.21701689064502716, 0.21551567316055298, 0.21357588469982147, 0.2129649966955185, 0.21093623340129852, 0.21027258038520813, 0.20900331437587738, 0.2084025889635086, 0.20757487416267395, 0.20680226385593414, 0.20649145543575287, 0.20563840866088867, 0.20522409677505493, 0.20522314310073853, 0.20454268157482147, 0.20457959175109863, 0.20426052808761597, 0.20357771217823029, 0.20312581956386566, 0.20335306227207184, 0.2025219053030014, 0.20232833921909332, 0.20182853937149048, 0.20231449604034424, 0.20164695382118225, 0.2015698403120041, 0.20149679481983185, 0.20134028792381287, 0.20152312517166138, 0.20144742727279663, 0.20062002539634705, 0.20079076290130615, 0.20023760199546814, 0.19988621771335602, 0.20028412342071533, 0.19932663440704346, 0.19981509447097778, 0.19935600459575653, 0.19899798929691315, 0.1985723227262497, 0.19895406067371368, 0.19871535897254944, 0.19853375852108002, 0.1981925666332245, 0.19806215167045593, 0.19780728220939636, 0.19817186892032623, 0.19745969772338867, 0.19727566838264465, 0.1971817910671234, 0.1977328062057495, 0.1973530650138855, 0.19721467792987823, 0.19737856090068817, 0.1963905692100525, 0.19732774794101715, 0.19670097529888153, 0.1961435228586197, 0.19688887894153595, 0.1958383470773697, 0.19653384387493134, 0.19633901119232178, 0.196191668510437, 0.19593200087547302, 0.19561393558979034, 0.19095979630947113, 0.1905403733253479, 0.19042710959911346, 0.19027645885944366, 0.1903012990951538, 0.19029292464256287, 0.19036990404129028, 0.19018308818340302, 0.1900877207517624, 0.19024178385734558, 0.19026458263397217, 0.19016143679618835, 0.1902989000082016, 0.18995492160320282, 0.18886741995811462, 0.1888800412416458, 0.188812717795372, 0.1887853890657425, 0.18883256614208221], "val_loss": [0.6949722766876221, 0.6982884407043457, 0.6955878138542175, 0.6956283450126648, 0.6963253617286682, 0.6941978931427002, 0.6958496570587158, 0.6488370895385742, 0.3603644371032715, 0.2808986306190491, 0.24814271926879883, 0.24136577546596527, 0.22625188529491425, 0.2232445329427719, 0.21817246079444885, 0.21758703887462616, 0.21518272161483765, 0.21163725852966309, 0.20664453506469727, 0.21777932345867157, 0.20598845183849335, 0.20560725033283234, 0.20530088245868683, 0.2042779177427292, 0.20815908908843994, 0.20331189036369324, 0.20281848311424255, 0.2017187476158142, 0.20157460868358612, 0.20191524922847748, 0.19892792403697968, 0.20417667925357819, 0.19723813235759735, 0.20371277630329132, 0.19901172816753387, 0.21173794567584991, 0.20155932009220123, 0.19748210906982422, 0.2301228940486908, 0.1962854564189911, 0.19921305775642395, 0.204872265458107, 0.19919990003108978, 0.19492167234420776, 0.20355074107646942, 0.19917871057987213, 0.20233258605003357, 0.1962953805923462, 0.1983872354030609, 0.19803495705127716, 0.19342367351055145, 0.21271803975105286, 0.20155330002307892, 0.1965186595916748, 0.1928422898054123, 0.19291816651821136, 0.19488435983657837, 0.19362950325012207, 0.19549505412578583, 0.194671168923378, 0.19193707406520844, 0.19331441819667816, 0.19241124391555786, 0.19532327353954315, 0.19201020896434784, 0.19947054982185364, 0.2018401324748993, 0.20449082553386688, 0.19151023030281067, 0.19202439486980438, 0.223861962556839, 0.19326598942279816, 0.19045671820640564, 0.19291041791439056, 0.19073985517024994, 0.19650231301784515, 0.19090765714645386, 0.19596479833126068, 0.2026098519563675, 0.19546546041965485, 0.19537413120269775, 0.18881042301654816, 0.1885407269001007, 0.18891973793506622, 0.18811146914958954, 0.1879994422197342, 0.18774248659610748, 0.1878942996263504, 0.18824419379234314, 0.18785427510738373, 0.188928484916687, 0.1879018396139145, 0.18903233110904694, 0.18894222378730774, 0.18906450271606445, 0.1874672919511795, 0.1880193054676056, 0.18780800700187683, 0.18813163042068481, 0.18887992203235626], "learning_rate": [0.0010000000474974513, 0.0010000000474974513, 0.0010000000474974513, 0.0010000000474974513, 0.0010000000474974513, 0.0010000000474974513, 0.0010000000474974513, 0.0010000000474974513, 0.0010000000474974513, 0.0010000000474974513, 0.0010000000474974513, 0.0010000000474974513, 0.0010000000474974513, 0.0010000000474974513, 0.0010000000474974513, 0.0010000000474974513, 0.0010000000474974513, 0.0010000000474974513, 0.0010000000474974513, 0.0010000000474974513, 0.0010000000474974513, 0.0010000000474974513, 0.0010000000474974513, 0.0010000000474974513, 0.0010000000474974513, 0.0010000000474974513, 0.0010000000474974513, 0.0010000000474974513, 0.0010000000474974513, 0.0010000000474974513, 0.0010000000474974513, 0.0010000000474974513, 0.0010000000474974513, 0.0010000000474974513, 0.0010000000474974513, 0.0010000000474974513, 0.0010000000474974513, 0.0010000000474974513, 0.0010000000474974513, 0.0010000000474974513, 0.0010000000474974513, 0.0010000000474974513, 0.0010000000474974513, 0.0010000000474974513, 0.0010000000474974513, 0.0010000000474974513, 0.0010000000474974513, 0.0010000000474974513, 0.0010000000474974513, 0.0010000000474974513, 0.0010000000474974513, 0.0010000000474974513, 0.0010000000474974513, 0.0010000000474974513, 0.0010000000474974513, 0.0010000000474974513, 0.0010000000474974513, 0.0010000000474974513, 0.0010000000474974513, 0.0010000000474974513, 0.0010000000474974513, 0.0010000000474974513, 0.0010000000474974513, 0.0010000000474974513, 0.0010000000474974513, 0.0010000000474974513, 0.0010000000474974513, 0.0010000000474974513, 0.0010000000474974513, 0.0010000000474974513, 0.0010000000474974513, 0.0010000000474974513, 0.0010000000474974513, 0.0010000000474974513, 0.0010000000474974513, 0.0010000000474974513, 0.0010000000474974513, 0.0010000000474974513, 0.0010000000474974513, 0.0010000000474974513, 0.0010000000474974513, 0.00020000000949949026, 0.00020000000949949026, 0.00020000000949949026, 0.00020000000949949026, 0.00020000000949949026, 0.00020000000949949026, 0.00020000000949949026, 0.00020000000949949026, 0.00020000000949949026, 0.00020000000949949026, 0.00020000000949949026, 0.00020000000949949026, 0.00020000000949949026, 0.00020000000949949026, 4.0000002627493814e-05, 4.0000002627493814e-05, 4.0000002627493814e-05, 4.0000002627493814e-05, 4.0000002627493814e-05]}