{"loss": [0.6978455185890198, 0.696071445941925, 0.5469595789909363, 0.24413175880908966, 0.20750737190246582, 0.2000514268875122, 0.1968710720539093, 0.19535449147224426, 0.19416984915733337, 0.19286762177944183, 0.19280968606472015, 0.19173294305801392, 0.19104893505573273, 0.1908547729253769, 0.19018128514289856, 0.18939147889614105, 0.18970780074596405, 0.1882510632276535, 0.18767985701560974, 0.1881393939256668, 0.1876872032880783, 0.18665224313735962, 0.18714384734630585, 0.18716472387313843, 0.18709559738636017, 0.18615394830703735, 0.18560200929641724, 0.185956209897995, 0.18530215322971344, 0.1855618953704834, 0.18532343208789825, 0.1850714087486267, 0.18505056202411652, 0.184957355260849, 0.1846030205488205, 0.1847107857465744, 0.1845405250787735, 0.18387243151664734, 0.1798887997865677, 0.1794273853302002, 0.17943941056728363, 0.17941604554653168, 0.17930755019187927, 0.17933085560798645, 0.17923513054847717, 0.1791113018989563, 0.17909635603427887, 0.17916695773601532, 0.1790393739938736, 0.17908714711666107, 0.17899271845817566, 0.17899242043495178, 0.17792128026485443, 0.177912175655365, 0.1779785305261612, 0.17788465321063995, 0.17784945666790009, 0.17787976562976837, 0.17788521945476532, 0.17784373462200165, 0.1776471734046936, 0.1776244193315506, 0.17762815952301025, 0.17761895060539246, 0.1776285618543625, 0.17763087153434753, 0.1776243895292282, 0.17762820422649384, 0.1776210516691208, 0.17761605978012085, 0.17762666940689087, 0.1775960624217987, 0.17762719094753265, 0.17760758101940155, 0.1776195913553238, 0.17757156491279602, 0.17755885422229767, 0.1775558590888977, 0.17755718529224396, 0.17755618691444397, 0.17755791544914246, 0.17755764722824097, 0.1775563359260559], "val_loss": [0.6959892511367798, 0.6937946081161499, 0.310583233833313, 0.21059392392635345, 0.19854071736335754, 0.1978176087141037, 0.19029931724071503, 0.18984340131282806, 0.19462467730045319, 0.1921641230583191, 0.1862613707780838, 0.1878781020641327, 0.1912546008825302, 0.18638917803764343, 0.1835893839597702, 0.18793228268623352, 0.18294337391853333, 0.18543103337287903, 0.18304237723350525, 0.18478555977344513, 0.1820809692144394, 0.18225081264972687, 0.1885373443365097, 0.18849197030067444, 0.18413260579109192, 0.18122175335884094, 0.18436044454574585, 0.180972620844841, 0.1831441968679428, 0.17952898144721985, 0.18089702725410461, 0.18284112215042114, 0.18228930234909058, 0.1840018481016159, 0.1841052919626236, 0.1943025290966034, 0.180873304605484, 0.18441925942897797, 0.1779661774635315, 0.17765577137470245, 0.17853718996047974, 0.17765448987483978, 0.17797142267227173, 0.17727716267108917, 0.17796772718429565, 0.1776377260684967, 0.1779363602399826, 0.1779266893863678, 0.17759864032268524, 0.1804979294538498, 0.17747844755649567, 0.17817460000514984, 0.17720945179462433, 0.17734692990779877, 0.17737339437007904, 0.17785057425498962, 0.17758488655090332, 0.17739272117614746, 0.1776084154844284, 0.1775798797607422, 0.1773344725370407, 0.17732954025268555, 0.17735722661018372, 0.17729245126247406, 0.17739835381507874, 0.17726732790470123, 0.1771620362997055, 0.17712317407131195, 0.17726770043373108, 0.17721892893314362, 0.17720356583595276, 0.17742769420146942, 0.1771734654903412, 0.1771290898323059, 0.17734766006469727, 0.1772744506597519, 0.17723457515239716, 0.17726187407970428, 0.17727653682231903, 0.17722049355506897, 0.17725053429603577, 0.17725449800491333, 0.17724011838436127], "learning_rate": [0.0010000000474974513, 0.0010000000474974513, 0.0010000000474974513, 0.0010000000474974513, 0.0010000000474974513, 0.0010000000474974513, 0.0010000000474974513, 0.0010000000474974513, 0.0010000000474974513, 0.0010000000474974513, 0.0010000000474974513, 0.0010000000474974513, 0.0010000000474974513, 0.0010000000474974513, 0.0010000000474974513, 0.0010000000474974513, 0.0010000000474974513, 0.0010000000474974513, 0.0010000000474974513, 0.0010000000474974513, 0.0010000000474974513, 0.0010000000474974513, 0.0010000000474974513, 0.0010000000474974513, 0.0010000000474974513, 0.0010000000474974513, 0.0010000000474974513, 0.0010000000474974513, 0.0010000000474974513, 0.0010000000474974513, 0.0010000000474974513, 0.0010000000474974513, 0.0010000000474974513, 0.0010000000474974513, 0.0010000000474974513, 0.0010000000474974513, 0.0010000000474974513, 0.0010000000474974513, 0.00020000000949949026, 0.00020000000949949026, 0.00020000000949949026, 0.00020000000949949026, 0.00020000000949949026, 0.00020000000949949026, 0.00020000000949949026, 0.00020000000949949026, 0.00020000000949949026, 0.00020000000949949026, 0.00020000000949949026, 0.00020000000949949026, 0.00020000000949949026, 0.00020000000949949026, 4.0000002627493814e-05, 4.0000002627493814e-05, 4.0000002627493814e-05, 4.0000002627493814e-05, 4.0000002627493814e-05, 4.0000002627493814e-05, 4.0000002627493814e-05, 4.0000002627493814e-05, 8.000000889296643e-06, 8.000000889296643e-06, 8.000000889296643e-06, 8.000000889296643e-06, 8.000000889296643e-06, 8.000000889296643e-06, 8.000000889296643e-06, 8.000000889296643e-06, 8.000000889296643e-06, 8.000000889296643e-06, 8.000000889296643e-06, 8.000000889296643e-06, 8.000000889296643e-06, 8.000000889296643e-06, 8.000000889296643e-06, 1.6000001323845936e-06, 1.6000001323845936e-06, 1.6000001323845936e-06, 1.6000001323845936e-06, 1.6000001323845936e-06, 1.6000001323845936e-06, 1.6000001323845936e-06, 1.6000001323845936e-06]}