{"loss": [0.36258259415626526, 0.11769742518663406, 0.11138547211885452, 0.1079978421330452, 0.10791973024606705, 0.10552272945642471, 0.10532795637845993, 0.10456296056509018, 0.10474307835102081, 0.10493780672550201, 0.10405800491571426, 0.1042783334851265, 0.10281779617071152, 0.10311279445886612, 0.10272945463657379, 0.1016562283039093, 0.10207942128181458, 0.10300036519765854, 0.10177606344223022, 0.10255210101604462, 0.10061550885438919, 0.10065750032663345, 0.1010109931230545, 0.10060271620750427, 0.09942186623811722, 0.10017656534910202, 0.09951037913560867, 0.09935204684734344, 0.0990307405591011, 0.09933890402317047, 0.09905148297548294, 0.08947324752807617, 0.08842112123966217, 0.08787869662046432, 0.08784317970275879, 0.08751403540372849, 0.08767165243625641, 0.08727005124092102, 0.08720303326845169, 0.08701908588409424, 0.08702293038368225, 0.08673030138015747, 0.08672621101140976, 0.08678602427244186, 0.08659573644399643, 0.08650264889001846, 0.08617977797985077, 0.08612322807312012, 0.08614996075630188, 0.08609548956155777, 0.08606437593698502, 0.08335033059120178, 0.08318785578012466, 0.08320871740579605, 0.08314451575279236, 0.08305100351572037, 0.08309552073478699, 0.08312531560659409, 0.08299986273050308, 0.08304983377456665, 0.08294329047203064, 0.08299174159765244, 0.08292464166879654, 0.08287708461284637, 0.08287837356328964, 0.08276597410440445, 0.08290523290634155, 0.08223223686218262, 0.08219529688358307, 0.08214815706014633, 0.0821911171078682, 0.08217038959264755, 0.08218687772750854, 0.08214575052261353, 0.08218690007925034, 0.08216440677642822, 0.08214681595563889, 0.08213726431131363, 0.08213626593351364, 0.08212645351886749, 0.0821375697851181, 0.08208335191011429, 0.08212082087993622, 0.08198405802249908, 0.08197741955518723, 0.08197379857301712, 0.08198120445013046, 0.08197666704654694, 0.08197605609893799, 0.08197293430566788, 0.08197151124477386, 0.08195331692695618, 0.08195485174655914, 0.08195732533931732, 0.08195392787456512, 0.0819535180926323, 0.08195335417985916, 0.08195044845342636, 0.08195140212774277, 0.08195345848798752], "val_loss": [0.13257373869419098, 0.11421401053667068, 0.10512766242027283, 0.10146819800138474, 0.10216030478477478, 0.09884374588727951, 0.10734334588050842, 0.10513216257095337, 0.09774356335401535, 0.09623365849256516, 0.10251317173242569, 0.12276484072208405, 0.10159151256084442, 0.09616772830486298, 0.10327356308698654, 0.09602183848619461, 0.10009409487247467, 0.10205283761024475, 0.12611238658428192, 0.10735227912664413, 0.11123251914978027, 0.10239876061677933, 0.09382499009370804, 0.09493471682071686, 0.09375602751970291, 0.1095721572637558, 0.0946972593665123, 0.10228761285543442, 0.09904742985963821, 0.09710238873958588, 0.0946495458483696, 0.09291855245828629, 0.09123032540082932, 0.0892852321267128, 0.08992039412260056, 0.09327346086502075, 0.08918456733226776, 0.08991029113531113, 0.08865739405155182, 0.08925924450159073, 0.08944497257471085, 0.08884551376104355, 0.08844888210296631, 0.08983590453863144, 0.08879688382148743, 0.0886140838265419, 0.09027720242738724, 0.09294887632131577, 0.08857780694961548, 0.08873291313648224, 0.08887289464473724, 0.08823557943105698, 0.08827714622020721, 0.08819147199392319, 0.08803601562976837, 0.08825714141130447, 0.08825471997261047, 0.08779560774564743, 0.08767957240343094, 0.0876752957701683, 0.08809630572795868, 0.08773760497570038, 0.08792769908905029, 0.0885942354798317, 0.08831610530614853, 0.08762915432453156, 0.08780128508806229, 0.08759629726409912, 0.08767510205507278, 0.08761122822761536, 0.08758724480867386, 0.0876094251871109, 0.08759036660194397, 0.0876845046877861, 0.08757780492305756, 0.08757694065570831, 0.08762054890394211, 0.08760743588209152, 0.08757101744413376, 0.08762059360742569, 0.08761399239301682, 0.08758512139320374, 0.08756587654352188, 0.0875551849603653, 0.08755794167518616, 0.08755289763212204, 0.08755241334438324, 0.0875498577952385, 0.08754993975162506, 0.08754963427782059, 0.08754897862672806, 0.0875500738620758, 0.08754997700452805, 0.08754803240299225, 0.08754704147577286, 0.08754617720842361, 0.08754564821720123, 0.08754687756299973, 0.0875471830368042, 0.0875452384352684], "learning_rate": [0.0010000000474974513, 0.0010000000474974513, 0.0010000000474974513, 0.0010000000474974513, 0.0010000000474974513, 0.0010000000474974513, 0.0010000000474974513, 0.0010000000474974513, 0.0010000000474974513, 0.0010000000474974513, 0.0010000000474974513, 0.0010000000474974513, 0.0010000000474974513, 0.0010000000474974513, 0.0010000000474974513, 0.0010000000474974513, 0.0010000000474974513, 0.0010000000474974513, 0.0010000000474974513, 0.0010000000474974513, 0.0010000000474974513, 0.0010000000474974513, 0.0010000000474974513, 0.0010000000474974513, 0.0010000000474974513, 0.0010000000474974513, 0.0010000000474974513, 0.0010000000474974513, 0.0010000000474974513, 0.0010000000474974513, 0.0010000000474974513, 0.00020000000949949026, 0.00020000000949949026, 0.00020000000949949026, 0.00020000000949949026, 0.00020000000949949026, 0.00020000000949949026, 0.00020000000949949026, 0.00020000000949949026, 0.00020000000949949026, 0.00020000000949949026, 0.00020000000949949026, 0.00020000000949949026, 0.00020000000949949026, 0.00020000000949949026, 0.00020000000949949026, 0.00020000000949949026, 0.00020000000949949026, 0.00020000000949949026, 0.00020000000949949026, 0.00020000000949949026, 4.0000002627493814e-05, 4.0000002627493814e-05, 4.0000002627493814e-05, 4.0000002627493814e-05, 4.0000002627493814e-05, 4.0000002627493814e-05, 4.0000002627493814e-05, 4.0000002627493814e-05, 4.0000002627493814e-05, 4.0000002627493814e-05, 4.0000002627493814e-05, 4.0000002627493814e-05, 4.0000002627493814e-05, 4.0000002627493814e-05, 4.0000002627493814e-05, 4.0000002627493814e-05, 8.000000889296643e-06, 8.000000889296643e-06, 8.000000889296643e-06, 8.000000889296643e-06, 8.000000889296643e-06, 8.000000889296643e-06, 8.000000889296643e-06, 8.000000889296643e-06, 8.000000889296643e-06, 8.000000889296643e-06, 8.000000889296643e-06, 8.000000889296643e-06, 8.000000889296643e-06, 8.000000889296643e-06, 8.000000889296643e-06, 8.000000889296643e-06, 1.6000001323845936e-06, 1.6000001323845936e-06, 1.6000001323845936e-06, 1.6000001323845936e-06, 1.6000001323845936e-06, 1.6000001323845936e-06, 1.6000001323845936e-06, 1.6000001323845936e-06, 9.999999974752427e-07, 9.999999974752427e-07, 9.999999974752427e-07, 9.999999974752427e-07, 9.999999974752427e-07, 9.999999974752427e-07, 9.999999974752427e-07, 9.999999974752427e-07, 9.999999974752427e-07]}