{"loss": [0.7006711363792419, 0.41175103187561035, 0.15982283651828766, 0.13302984833717346, 0.12559959292411804, 0.12231116741895676, 0.11959504336118698, 0.11798519641160965, 0.11554975807666779, 0.11544878035783768, 0.11298645287752151, 0.11314263939857483, 0.11187667399644852, 0.1103561744093895, 0.11076075583696365, 0.11029236763715744, 0.10898226499557495, 0.11025910824537277, 0.10924092680215836, 0.10900546610355377, 0.10932034999132156, 0.10917589068412781, 0.10793013870716095, 0.10746723413467407, 0.10736466944217682, 0.1077544167637825, 0.10857339948415756, 0.1075221449136734, 0.10709372907876968, 0.10703292489051819, 0.1065460592508316, 0.10754703730344772, 0.10749442130327225, 0.10632291436195374, 0.10621319711208344, 0.10648298263549805, 0.09543629735708237, 0.09444671869277954, 0.09432752430438995, 0.09427046775817871, 0.09413108229637146, 0.09397734701633453, 0.09404253214597702, 0.09419334679841995, 0.09406206756830215, 0.0937819555401802, 0.09355854243040085, 0.09403202682733536, 0.09402354806661606, 0.09356998652219772, 0.09359154105186462, 0.09357523173093796, 0.09344856441020966, 0.09362304210662842, 0.09351241588592529, 0.09336093068122864, 0.09327641129493713, 0.0906902477145195, 0.09048034250736237, 0.09031262248754501, 0.09026119858026505, 0.09034554660320282, 0.09030674397945404, 0.09035053104162216, 0.09029287844896317, 0.09024186432361603, 0.09025227278470993, 0.0903548002243042, 0.09013431519269943, 0.09020993113517761, 0.08953933417797089, 0.08955607563257217, 0.08952005952596664, 0.08953732997179031, 0.08951567113399506, 0.089488185942173, 0.08949647843837738, 0.0895032063126564, 0.08950269222259521, 0.08939038217067719, 0.08937234431505203, 0.08936804533004761, 0.0893688052892685, 0.08936458081007004, 0.08937060832977295, 0.08936729282140732, 0.0893608033657074, 0.08935470134019852, 0.08935248851776123, 0.08935293555259705, 0.08935089409351349, 0.08935170620679855, 0.08935072273015976, 0.08934278786182404, 0.08934947103261948, 0.0893520787358284, 0.08935017138719559, 0.08934397995471954, 0.08935237675905228, 0.0893472358584404], "val_loss": [0.6791331768035889, 0.19377882778644562, 0.13719592988491058, 0.12496629357337952, 0.12082494050264359, 0.12233062833547592, 0.11107790470123291, 0.11135539412498474, 0.10905858129262924, 0.11365891247987747, 0.10858672857284546, 0.10608688741922379, 0.10819921642541885, 0.10729987919330597, 0.10344366729259491, 0.10417652875185013, 0.10641968995332718, 0.1089230626821518, 0.11014764755964279, 0.11406080424785614, 0.1149536743760109, 0.10116371512413025, 0.10461565107107162, 0.12100701779127121, 0.10184522718191147, 0.10668835788965225, 0.103465735912323, 0.10054780542850494, 0.10385126620531082, 0.10912321507930756, 0.11324018239974976, 0.1043301522731781, 0.10412321984767914, 0.10334762185811996, 0.10859483480453491, 0.1027994230389595, 0.0943814367055893, 0.09431055188179016, 0.09576865285634995, 0.09411459416151047, 0.09489571303129196, 0.09525760263204575, 0.09604234248399734, 0.09924324601888657, 0.0930209681391716, 0.09438426792621613, 0.0938909500837326, 0.09665549546480179, 0.09270330518484116, 0.09336532652378082, 0.094654880464077, 0.0933774933218956, 0.0935080423951149, 0.09293829649686813, 0.09451191872358322, 0.09382830560207367, 0.09570316970348358, 0.09221269935369492, 0.092237688601017, 0.09222371131181717, 0.09203937649726868, 0.09188073873519897, 0.09186788648366928, 0.09205862134695053, 0.09189273416996002, 0.09227865934371948, 0.09193813800811768, 0.09202783554792404, 0.09202653914690018, 0.09203997999429703, 0.09171435236930847, 0.09176918119192123, 0.0918758362531662, 0.09175051003694534, 0.09170196950435638, 0.09169946610927582, 0.09177874028682709, 0.09174279123544693, 0.09179084748029709, 0.09167879819869995, 0.09168291091918945, 0.09169583767652512, 0.09167739003896713, 0.09169291704893112, 0.09167928248643875, 0.09168315678834915, 0.09169289469718933, 0.09168333560228348, 0.09168506413698196, 0.09168040007352829, 0.0916791781783104, 0.09167695045471191, 0.09167580306529999, 0.09169204533100128, 0.09168945997953415, 0.09167792648077011, 0.091677725315094, 0.09168707579374313, 0.09168154746294022, 0.09167614579200745], "learning_rate": [0.0010000000474974513, 0.0010000000474974513, 0.0010000000474974513, 0.0010000000474974513, 0.0010000000474974513, 0.0010000000474974513, 0.0010000000474974513, 0.0010000000474974513, 0.0010000000474974513, 0.0010000000474974513, 0.0010000000474974513, 0.0010000000474974513, 0.0010000000474974513, 0.0010000000474974513, 0.0010000000474974513, 0.0010000000474974513, 0.0010000000474974513, 0.0010000000474974513, 0.0010000000474974513, 0.0010000000474974513, 0.0010000000474974513, 0.0010000000474974513, 0.0010000000474974513, 0.0010000000474974513, 0.0010000000474974513, 0.0010000000474974513, 0.0010000000474974513, 0.0010000000474974513, 0.0010000000474974513, 0.0010000000474974513, 0.0010000000474974513, 0.0010000000474974513, 0.0010000000474974513, 0.0010000000474974513, 0.0010000000474974513, 0.0010000000474974513, 0.00020000000949949026, 0.00020000000949949026, 0.00020000000949949026, 0.00020000000949949026, 0.00020000000949949026, 0.00020000000949949026, 0.00020000000949949026, 0.00020000000949949026, 0.00020000000949949026, 0.00020000000949949026, 0.00020000000949949026, 0.00020000000949949026, 0.00020000000949949026, 0.00020000000949949026, 0.00020000000949949026, 0.00020000000949949026, 0.00020000000949949026, 0.00020000000949949026, 0.00020000000949949026, 0.00020000000949949026, 0.00020000000949949026, 4.0000002627493814e-05, 4.0000002627493814e-05, 4.0000002627493814e-05, 4.0000002627493814e-05, 4.0000002627493814e-05, 4.0000002627493814e-05, 4.0000002627493814e-05, 4.0000002627493814e-05, 4.0000002627493814e-05, 4.0000002627493814e-05, 4.0000002627493814e-05, 4.0000002627493814e-05, 4.0000002627493814e-05, 8.000000889296643e-06, 8.000000889296643e-06, 8.000000889296643e-06, 8.000000889296643e-06, 8.000000889296643e-06, 8.000000889296643e-06, 8.000000889296643e-06, 8.000000889296643e-06, 8.000000889296643e-06, 1.6000001323845936e-06, 1.6000001323845936e-06, 1.6000001323845936e-06, 1.6000001323845936e-06, 1.6000001323845936e-06, 1.6000001323845936e-06, 1.6000001323845936e-06, 1.6000001323845936e-06, 9.999999974752427e-07, 9.999999974752427e-07, 9.999999974752427e-07, 9.999999974752427e-07, 9.999999974752427e-07, 9.999999974752427e-07, 9.999999974752427e-07, 9.999999974752427e-07, 9.999999974752427e-07, 9.999999974752427e-07, 9.999999974752427e-07, 9.999999974752427e-07, 9.999999974752427e-07]}