{"loss": [0.24575920403003693, 0.10047478973865509, 0.09743525832891464, 0.09449178725481033, 0.09521500766277313, 0.09275984764099121, 0.09156755357980728, 0.09164617210626602, 0.08879493921995163, 0.08916305750608444, 0.08875911682844162, 0.08807709813117981, 0.08657699823379517, 0.08671705424785614, 0.0866321474313736, 0.08618532121181488, 0.08699994534254074, 0.08542121201753616, 0.06851736456155777, 0.06604049354791641, 0.06541232019662857, 0.06514569371938705, 0.0650140568614006, 0.06449320167303085, 0.06464280933141708, 0.06461992859840393, 0.06437449902296066, 0.0641159787774086, 0.0640038475394249, 0.06377880275249481, 0.0642625167965889, 0.06379873305559158, 0.06345577538013458, 0.06325129419565201, 0.06362418085336685, 0.0634508728981018, 0.05863475427031517, 0.0583111010491848, 0.05813324451446533, 0.0580068863928318, 0.057894665747880936, 0.05793455243110657, 0.05781702324748039, 0.05779186263680458, 0.0577407032251358, 0.05764560028910637, 0.05757773295044899, 0.05769117921590805, 0.05751898139715195, 0.05747415870428085, 0.05756140127778053, 0.057427942752838135, 0.05740434676408768, 0.057383276522159576, 0.05746511369943619, 0.05606774985790253, 0.05603288486599922, 0.05600597709417343, 0.05595170333981514, 0.05598369240760803, 0.05599033087491989, 0.055962927639484406, 0.05597619712352753, 0.05593826249241829, 0.0559428408741951, 0.05591572821140289, 0.05592917650938034, 0.05590534210205078, 0.05586874857544899, 0.05561181157827377, 0.055592816323041916, 0.055598292499780655, 0.05558227375149727, 0.0555926077067852, 0.05559051036834717, 0.05558939278125763, 0.05558440089225769, 0.05554922670125961, 0.05555437505245209, 0.05555177107453346, 0.0555487722158432, 0.05554546043276787, 0.05554785206913948, 0.055545203387737274, 0.055533360689878464, 0.055543024092912674, 0.055538903921842575, 0.0555417463183403, 0.05553796887397766, 0.055535413324832916, 0.055534131824970245, 0.05553276464343071, 0.05552695319056511], "val_loss": [0.08992279320955276, 0.0959094762802124, 0.0981130450963974, 0.10273271799087524, 0.08112271875143051, 0.08873133361339569, 0.08052421361207962, 0.08098705857992172, 0.08278258144855499, 0.07498802989721298, 0.07795126736164093, 0.09594381600618362, 0.09533600509166718, 0.08215495944023132, 0.077329121530056, 0.09724407643079758, 0.08214129507541656, 0.07597361505031586, 0.061579156666994095, 0.06320042908191681, 0.062496643513441086, 0.06367876380681992, 0.06395167112350464, 0.06318478286266327, 0.06398557871580124, 0.06106233596801758, 0.06223106011748314, 0.058960821479558945, 0.06592908501625061, 0.059937965124845505, 0.06200099363923073, 0.059460029006004333, 0.06059492006897926, 0.060378119349479675, 0.05946263298392296, 0.05980616435408592, 0.05835308879613876, 0.057778265327215195, 0.05817866325378418, 0.05871374532580376, 0.057606298476457596, 0.05756838992238045, 0.05824762582778931, 0.05871971324086189, 0.059392496943473816, 0.058352161198854446, 0.05744987726211548, 0.05746908485889435, 0.057633716613054276, 0.058620635420084, 0.05775581672787666, 0.057408057153224945, 0.05735059827566147, 0.058893635869026184, 0.05743411183357239, 0.057404618710279465, 0.05745149031281471, 0.057385582476854324, 0.057213231921195984, 0.05720027536153793, 0.057111866772174835, 0.05730512738227844, 0.05709793046116829, 0.05739610642194748, 0.05709490925073624, 0.057105425745248795, 0.0570913702249527, 0.05709482356905937, 0.057089537382125854, 0.057112812995910645, 0.05715816468000412, 0.057143684476614, 0.057172663509845734, 0.057144004851579666, 0.05711847543716431, 0.05710670351982117, 0.05712076276540756, 0.057081736624240875, 0.05710987001657486, 0.057110466063022614, 0.057126566767692566, 0.057116180658340454, 0.057093486189842224, 0.05711406096816063, 0.05711251124739647, 0.05710030347108841, 0.05712641775608063, 0.057091955095529556, 0.057096581906080246, 0.05711006373167038, 0.057092927396297455, 0.05710454285144806, 0.05712972581386566], "learning_rate": [0.0010000000474974513, 0.0010000000474974513, 0.0010000000474974513, 0.0010000000474974513, 0.0010000000474974513, 0.0010000000474974513, 0.0010000000474974513, 0.0010000000474974513, 0.0010000000474974513, 0.0010000000474974513, 0.0010000000474974513, 0.0010000000474974513, 0.0010000000474974513, 0.0010000000474974513, 0.0010000000474974513, 0.0010000000474974513, 0.0010000000474974513, 0.0010000000474974513, 0.00020000000949949026, 0.00020000000949949026, 0.00020000000949949026, 0.00020000000949949026, 0.00020000000949949026, 0.00020000000949949026, 0.00020000000949949026, 0.00020000000949949026, 0.00020000000949949026, 0.00020000000949949026, 0.00020000000949949026, 0.00020000000949949026, 0.00020000000949949026, 0.00020000000949949026, 0.00020000000949949026, 0.00020000000949949026, 0.00020000000949949026, 0.00020000000949949026, 4.0000002627493814e-05, 4.0000002627493814e-05, 4.0000002627493814e-05, 4.0000002627493814e-05, 4.0000002627493814e-05, 4.0000002627493814e-05, 4.0000002627493814e-05, 4.0000002627493814e-05, 4.0000002627493814e-05, 4.0000002627493814e-05, 4.0000002627493814e-05, 4.0000002627493814e-05, 4.0000002627493814e-05, 4.0000002627493814e-05, 4.0000002627493814e-05, 4.0000002627493814e-05, 4.0000002627493814e-05, 4.0000002627493814e-05, 4.0000002627493814e-05, 8.000000889296643e-06, 8.000000889296643e-06, 8.000000889296643e-06, 8.000000889296643e-06, 8.000000889296643e-06, 8.000000889296643e-06, 8.000000889296643e-06, 8.000000889296643e-06, 8.000000889296643e-06, 8.000000889296643e-06, 8.000000889296643e-06, 8.000000889296643e-06, 8.000000889296643e-06, 8.000000889296643e-06, 1.6000001323845936e-06, 1.6000001323845936e-06, 1.6000001323845936e-06, 1.6000001323845936e-06, 1.6000001323845936e-06, 1.6000001323845936e-06, 1.6000001323845936e-06, 1.6000001323845936e-06, 9.999999974752427e-07, 9.999999974752427e-07, 9.999999974752427e-07, 9.999999974752427e-07, 9.999999974752427e-07, 9.999999974752427e-07, 9.999999974752427e-07, 9.999999974752427e-07, 9.999999974752427e-07, 9.999999974752427e-07, 9.999999974752427e-07, 9.999999974752427e-07, 9.999999974752427e-07, 9.999999974752427e-07, 9.999999974752427e-07, 9.999999974752427e-07]}