{"loss": [0.3417401611804962, 0.12106965482234955, 0.11481353640556335, 0.11182225495576859, 0.10854411870241165, 0.10858703404664993, 0.10669341683387756, 0.10604032874107361, 0.10489688813686371, 0.10556071996688843, 0.10331828892230988, 0.10307712107896805, 0.10164660960435867, 0.10247454792261124, 0.10150875896215439, 0.10102886706590652, 0.09879189729690552, 0.09982633590698242, 0.09787819534540176, 0.09798848628997803, 0.09785453975200653, 0.09749757498502731, 0.09670241177082062, 0.09603161364793777, 0.09922613203525543, 0.0964849591255188, 0.09597066044807434, 0.09613633155822754, 0.09619510918855667, 0.09490398317575455, 0.09572525322437286, 0.07405558973550797, 0.07300505042076111, 0.07260190695524216, 0.07208805531263351, 0.07195594161748886, 0.07205560058355331, 0.07212916016578674, 0.07161566615104675, 0.07157305628061295, 0.071297287940979, 0.07139141857624054, 0.0711403414607048, 0.0706309899687767, 0.07101072371006012, 0.07094953209161758, 0.07119689136743546, 0.07044876366853714, 0.06608685106039047, 0.0654774159193039, 0.06537322700023651, 0.0652698427438736, 0.06521239876747131, 0.06514248251914978, 0.06523530930280685, 0.06508256494998932, 0.0650816261768341, 0.0650542750954628, 0.06504034996032715, 0.06499674916267395, 0.06501251459121704, 0.06377695500850677, 0.06371031701564789, 0.06371328979730606, 0.06367925554513931, 0.0636698380112648, 0.0636637732386589, 0.06365150213241577, 0.06361886113882065, 0.06364508718252182, 0.06334153562784195, 0.0633380189538002, 0.06331640481948853, 0.06332496553659439, 0.06333436071872711, 0.06333126127719879, 0.06332611292600632, 0.06330239027738571, 0.06330254673957825, 0.06329415738582611, 0.06329811364412308, 0.06329648196697235, 0.06329212337732315, 0.06329185515642166, 0.0632912889122963, 0.06328799575567245, 0.06329119950532913, 0.06328309327363968, 0.06327886879444122, 0.06328273564577103, 0.06328464299440384, 0.06328266859054565, 0.06328531354665756, 0.06328129023313522, 0.06328243017196655, 0.06327388435602188, 0.06327665597200394, 0.06327684968709946, 0.06327413022518158, 0.06326866894960403], "val_loss": [0.11820008605718613, 0.11027693003416061, 0.10172969102859497, 0.09851885586977005, 0.11542510986328125, 0.09240101277828217, 0.10981211811304092, 0.1015346348285675, 0.12111219763755798, 0.0941511020064354, 0.14855213463306427, 0.09110773354768753, 0.09505808353424072, 0.0857916995882988, 0.08896766602993011, 0.0906028002500534, 0.08304981142282486, 0.08350125700235367, 0.08117631822824478, 0.08488419651985168, 0.10768060386180878, 0.0938352420926094, 0.07885962724685669, 0.11159179359674454, 0.08519966900348663, 0.09223686158657074, 0.08887748420238495, 0.0832783654332161, 0.10838136076927185, 0.08457035571336746, 0.08687666803598404, 0.06982386857271194, 0.06807007640600204, 0.06628820300102234, 0.06679311394691467, 0.068490169942379, 0.06659966707229614, 0.06666964292526245, 0.06955865025520325, 0.065697580575943, 0.07019175589084625, 0.06674885004758835, 0.07105182856321335, 0.06741547584533691, 0.06573280692100525, 0.06580290198326111, 0.06634033471345901, 0.0668017566204071, 0.06481460481882095, 0.06228221580386162, 0.06253506243228912, 0.06280646473169327, 0.062159594148397446, 0.06212364509701729, 0.06234947592020035, 0.062360215932130814, 0.06365441530942917, 0.06272167712450027, 0.06358061730861664, 0.06211116164922714, 0.062313441187143326, 0.061796076595783234, 0.061798468232154846, 0.0617755725979805, 0.061823002994060516, 0.061750225722789764, 0.06207690387964249, 0.06190769746899605, 0.06202427297830582, 0.0617700070142746, 0.06172585487365723, 0.06172282248735428, 0.06169880926609039, 0.0617389902472496, 0.06173226982355118, 0.061711810529232025, 0.061715807765722275, 0.06174756959080696, 0.06170870363712311, 0.061707884073257446, 0.061707258224487305, 0.06170450523495674, 0.06169823557138443, 0.06171220541000366, 0.06169683858752251, 0.06170673295855522, 0.06169768050312996, 0.061709143221378326, 0.061686888337135315, 0.061698734760284424, 0.0617058239877224, 0.06168569251894951, 0.06169094145298004, 0.061703894287347794, 0.0616888627409935, 0.06171365827322006, 0.06169401854276657, 0.0616861991584301, 0.0617062970995903, 0.06170850992202759], "learning_rate": [0.0010000000474974513, 0.0010000000474974513, 0.0010000000474974513, 0.0010000000474974513, 0.0010000000474974513, 0.0010000000474974513, 0.0010000000474974513, 0.0010000000474974513, 0.0010000000474974513, 0.0010000000474974513, 0.0010000000474974513, 0.0010000000474974513, 0.0010000000474974513, 0.0010000000474974513, 0.0010000000474974513, 0.0010000000474974513, 0.0010000000474974513, 0.0010000000474974513, 0.0010000000474974513, 0.0010000000474974513, 0.0010000000474974513, 0.0010000000474974513, 0.0010000000474974513, 0.0010000000474974513, 0.0010000000474974513, 0.0010000000474974513, 0.0010000000474974513, 0.0010000000474974513, 0.0010000000474974513, 0.0010000000474974513, 0.0010000000474974513, 0.00020000000949949026, 0.00020000000949949026, 0.00020000000949949026, 0.00020000000949949026, 0.00020000000949949026, 0.00020000000949949026, 0.00020000000949949026, 0.00020000000949949026, 0.00020000000949949026, 0.00020000000949949026, 0.00020000000949949026, 0.00020000000949949026, 0.00020000000949949026, 0.00020000000949949026, 0.00020000000949949026, 0.00020000000949949026, 0.00020000000949949026, 4.0000002627493814e-05, 4.0000002627493814e-05, 4.0000002627493814e-05, 4.0000002627493814e-05, 4.0000002627493814e-05, 4.0000002627493814e-05, 4.0000002627493814e-05, 4.0000002627493814e-05, 4.0000002627493814e-05, 4.0000002627493814e-05, 4.0000002627493814e-05, 4.0000002627493814e-05, 4.0000002627493814e-05, 8.000000889296643e-06, 8.000000889296643e-06, 8.000000889296643e-06, 8.000000889296643e-06, 8.000000889296643e-06, 8.000000889296643e-06, 8.000000889296643e-06, 8.000000889296643e-06, 8.000000889296643e-06, 1.6000001323845936e-06, 1.6000001323845936e-06, 1.6000001323845936e-06, 1.6000001323845936e-06, 1.6000001323845936e-06, 1.6000001323845936e-06, 1.6000001323845936e-06, 1.6000001323845936e-06, 9.999999974752427e-07, 9.999999974752427e-07, 9.999999974752427e-07, 9.999999974752427e-07, 9.999999974752427e-07, 9.999999974752427e-07, 9.999999974752427e-07, 9.999999974752427e-07, 9.999999974752427e-07, 9.999999974752427e-07, 9.999999974752427e-07, 9.999999974752427e-07, 9.999999974752427e-07, 9.999999974752427e-07, 9.999999974752427e-07, 9.999999974752427e-07, 9.999999974752427e-07, 9.999999974752427e-07, 9.999999974752427e-07, 9.999999974752427e-07, 9.999999974752427e-07, 9.999999974752427e-07]}