{"loss": [0.2498445361852646, 0.09508652985095978, 0.09342201799154282, 0.08980001509189606, 0.08881749212741852, 0.08660279214382172, 0.08437962085008621, 0.08280398696660995, 0.0824272632598877, 0.08223102986812592, 0.08036916702985764, 0.08145544677972794, 0.08149664103984833, 0.0792890414595604, 0.07818739861249924, 0.07886318117380142, 0.07697129994630814, 0.07722942531108856, 0.0778035968542099, 0.0772283747792244, 0.07633926719427109, 0.07597146928310394, 0.07656440138816833, 0.07507064938545227, 0.07440602034330368, 0.07530046254396439, 0.07376197725534439, 0.07268249243497849, 0.07330631464719772, 0.07522550225257874, 0.07342416793107986, 0.07207188755273819, 0.07209303230047226, 0.0709260106086731, 0.07073824107646942, 0.07181179523468018, 0.06955622136592865, 0.0710519403219223, 0.07029934972524643, 0.0685914158821106, 0.0690738707780838, 0.06955521553754807, 0.06976310163736343, 0.06801413744688034, 0.06815003603696823, 0.06736696511507034, 0.06671964377164841, 0.06752987205982208, 0.06636790931224823, 0.06496194750070572, 0.06558927893638611, 0.0668192207813263, 0.0660945251584053, 0.06521981954574585, 0.0653509572148323, 0.06574144214391708, 0.06449747085571289, 0.06526987999677658, 0.0653858482837677, 0.06576495617628098, 0.048905935138463974, 0.04473913088440895, 0.0436260849237442, 0.04292021691799164, 0.042688049376010895, 0.042580198496580124, 0.042355410754680634, 0.04216780513525009, 0.04221101850271225, 0.04190676286816597, 0.04174881428480148, 0.04166438430547714, 0.041351865977048874, 0.041357334703207016, 0.041028816252946854, 0.040501777082681656, 0.04069586098194122, 0.04060354083776474, 0.04048757627606392, 0.04049765691161156, 0.035995420068502426, 0.035772379487752914, 0.035501159727573395, 0.03534561023116112, 0.03537043184041977, 0.035236649215221405, 0.03519928827881813, 0.03511699661612511, 0.03518494963645935, 0.035062577575445175, 0.035068538039922714, 0.03487076982855797, 0.03488520532846451, 0.03480101749300957, 0.03484919294714928, 0.03471684083342552, 0.034746333956718445, 0.03367820382118225, 0.03364270180463791, 0.033616818487644196], "val_loss": [0.10581021755933762, 0.09356927126646042, 0.08953175693750381, 0.09872455149888992, 0.08016018569469452, 0.09645205736160278, 0.12290843576192856, 0.07367213070392609, 0.08237681537866592, 0.08471331745386124, 0.08518345654010773, 0.08356212824583054, 0.07522666454315186, 0.0726495161652565, 0.07550671696662903, 0.0720437541604042, 0.06871084868907928, 0.07579198479652405, 0.07749367505311966, 0.08587635308504105, 0.07756377011537552, 0.07332645356655121, 0.07762236148118973, 0.06627532839775085, 0.07450569421052933, 0.07011668384075165, 0.07576803863048553, 0.0767955407500267, 0.07180100679397583, 0.08589856326580048, 0.06590498983860016, 0.07313961535692215, 0.07065601646900177, 0.13283412158489227, 0.07628973573446274, 0.07668904215097427, 0.06878704577684402, 0.07466238737106323, 0.06389465928077698, 0.07990045845508575, 0.06950853019952774, 0.06990320980548859, 0.06492594629526138, 0.06842990964651108, 0.06859783083200455, 0.06375356763601303, 0.06932492554187775, 0.07504910975694656, 0.06544797867536545, 0.06441738456487656, 0.07069005072116852, 0.06324823200702667, 0.06398089975118637, 0.06556951254606247, 0.06891640275716782, 0.08689264208078384, 0.09090722352266312, 0.06693581491708755, 0.06370777636766434, 0.065367192029953, 0.05180472508072853, 0.051208220422267914, 0.050980519503355026, 0.051325056701898575, 0.052171241492033005, 0.05155271664261818, 0.05148734152317047, 0.050615545362234116, 0.050973474979400635, 0.05190911144018173, 0.051224395632743835, 0.049953632056713104, 0.05066194012761116, 0.05078890174627304, 0.05082076042890549, 0.05446317046880722, 0.05290708690881729, 0.05163887143135071, 0.05071030184626579, 0.05350886657834053, 0.0501665398478508, 0.0497671402990818, 0.049830395728349686, 0.05001010000705719, 0.04956747218966484, 0.049514882266521454, 0.04976816102862358, 0.04964037612080574, 0.04942742735147476, 0.049817800521850586, 0.049421023577451706, 0.04996420815587044, 0.05050715431571007, 0.049589551985263824, 0.04955284297466278, 0.0497233085334301, 0.049812931567430496, 0.04961578547954559, 0.04964149743318558, 0.0494171679019928], "learning_rate": [0.0010000000474974513, 0.0010000000474974513, 0.0010000000474974513, 0.0010000000474974513, 0.0010000000474974513, 0.0010000000474974513, 0.0010000000474974513, 0.0010000000474974513, 0.0010000000474974513, 0.0010000000474974513, 0.0010000000474974513, 0.0010000000474974513, 0.0010000000474974513, 0.0010000000474974513, 0.0010000000474974513, 0.0010000000474974513, 0.0010000000474974513, 0.0010000000474974513, 0.0010000000474974513, 0.0010000000474974513, 0.0010000000474974513, 0.0010000000474974513, 0.0010000000474974513, 0.0010000000474974513, 0.0010000000474974513, 0.0010000000474974513, 0.0010000000474974513, 0.0010000000474974513, 0.0010000000474974513, 0.0010000000474974513, 0.0010000000474974513, 0.0010000000474974513, 0.0010000000474974513, 0.0010000000474974513, 0.0010000000474974513, 0.0010000000474974513, 0.0010000000474974513, 0.0010000000474974513, 0.0010000000474974513, 0.0010000000474974513, 0.0010000000474974513, 0.0010000000474974513, 0.0010000000474974513, 0.0010000000474974513, 0.0010000000474974513, 0.0010000000474974513, 0.0010000000474974513, 0.0010000000474974513, 0.0010000000474974513, 0.0010000000474974513, 0.0010000000474974513, 0.0010000000474974513, 0.0010000000474974513, 0.0010000000474974513, 0.0010000000474974513, 0.0010000000474974513, 0.0010000000474974513, 0.0010000000474974513, 0.0010000000474974513, 0.0010000000474974513, 0.00020000000949949026, 0.00020000000949949026, 0.00020000000949949026, 0.00020000000949949026, 0.00020000000949949026, 0.00020000000949949026, 0.00020000000949949026, 0.00020000000949949026, 0.00020000000949949026, 0.00020000000949949026, 0.00020000000949949026, 0.00020000000949949026, 0.00020000000949949026, 0.00020000000949949026, 0.00020000000949949026, 0.00020000000949949026, 0.00020000000949949026, 0.00020000000949949026, 0.00020000000949949026, 0.00020000000949949026, 4.0000002627493814e-05, 4.0000002627493814e-05, 4.0000002627493814e-05, 4.0000002627493814e-05, 4.0000002627493814e-05, 4.0000002627493814e-05, 4.0000002627493814e-05, 4.0000002627493814e-05, 4.0000002627493814e-05, 4.0000002627493814e-05, 4.0000002627493814e-05, 4.0000002627493814e-05, 4.0000002627493814e-05, 4.0000002627493814e-05, 4.0000002627493814e-05, 4.0000002627493814e-05, 4.0000002627493814e-05, 8.000000889296643e-06, 8.000000889296643e-06, 8.000000889296643e-06]}