{"loss": [0.27810385823249817, 0.1192646399140358, 0.11697077751159668, 0.11357080191373825, 0.11126389354467392, 0.10804280638694763, 0.10920068621635437, 0.10662467032670975, 0.1075836643576622, 0.10434038192033768, 0.10219161957502365, 0.10436179488897324, 0.1027088388800621, 0.1008826419711113, 0.09962647408246994, 0.10087805986404419, 0.09819269925355911, 0.10044584423303604, 0.09689697623252869, 0.0987156555056572, 0.09891674667596817, 0.06371667981147766, 0.0625961497426033, 0.06227784976363182, 0.062065210193395615, 0.061522144824266434, 0.061767157167196274, 0.060970861464738846, 0.06091564893722534, 0.06120693311095238, 0.06056879088282585, 0.060435809195041656, 0.06055841222405434, 0.060473982244729996, 0.06117767468094826, 0.06025266647338867, 0.0607224740087986, 0.06014551222324371, 0.05976257845759392, 0.06014888733625412, 0.06052781268954277, 0.060281798243522644, 0.06000697612762451, 0.06022300571203232, 0.05985353887081146, 0.06037727743387222, 0.05987564101815224, 0.06055788695812225, 0.0595417357981205, 0.05973731726408005, 0.05203172564506531, 0.050749219954013824, 0.05073433741927147, 0.050572678446769714, 0.05040989816188812, 0.05047008767724037, 0.0503997839987278, 0.05031828582286835, 0.05041396617889404, 0.0505075640976429, 0.050331901758909225, 0.05038889870047569, 0.050327856093645096, 0.050297774374485016, 0.05020919442176819, 0.050411585718393326, 0.050245657563209534, 0.0501767061650753, 0.050237901508808136, 0.050153687596321106, 0.05006449297070503, 0.05010618269443512, 0.04812529683113098, 0.047924693673849106, 0.04786020889878273, 0.047825708985328674, 0.04780140891671181, 0.04777226224541664, 0.047822121530771255, 0.04775693267583847, 0.047766584903001785, 0.04772091656923294, 0.047232735902071, 0.04723430052399635, 0.04723554849624634, 0.04723381623625755, 0.04721017926931381, 0.047242097556591034, 0.04722888022661209, 0.04722245782613754, 0.04718261957168579, 0.047161392867565155, 0.047172192484140396, 0.04716772586107254, 0.047169655561447144, 0.04716035723686218, 0.04716082662343979, 0.04715001955628395], "val_loss": [0.1652289777994156, 0.12468980997800827, 0.1379064917564392, 0.1221577376127243, 0.10913754999637604, 0.10836770385503769, 0.08712314069271088, 0.10447736829519272, 0.10493132472038269, 0.11264820396900177, 0.11412356048822403, 0.12186860293149948, 0.0841912105679512, 0.10683645308017731, 0.10201216489076614, 0.13026219606399536, 0.08896972984075546, 0.09446755051612854, 0.09651824086904526, 0.10370737314224243, 0.09481856971979141, 0.06478822976350784, 0.06752249598503113, 0.0671415850520134, 0.07289869338274002, 0.0652165412902832, 0.0740160122513771, 0.060350451618433, 0.061406806111335754, 0.060110222548246384, 0.058916125446558, 0.06000366061925888, 0.06349163502454758, 0.06110726296901703, 0.06074520945549011, 0.060195453464984894, 0.058683790266513824, 0.06197981536388397, 0.061007000505924225, 0.061559051275253296, 0.06254535913467407, 0.05642365291714668, 0.05924588441848755, 0.059423454105854034, 0.06836535036563873, 0.0650949776172638, 0.05901562422513962, 0.05805389955639839, 0.05940680578351021, 0.0696200579404831, 0.0522468127310276, 0.052313514053821564, 0.05201662704348564, 0.05199326202273369, 0.05319826677441597, 0.052025578916072845, 0.051818788051605225, 0.053359504789114, 0.05191778019070625, 0.052148085087537766, 0.05186816304922104, 0.05657639726996422, 0.053066834807395935, 0.051282886415719986, 0.051288310438394547, 0.05134372413158417, 0.05565859377384186, 0.05269331485033035, 0.05304175242781639, 0.05166221410036087, 0.05131656676530838, 0.05218818411231041, 0.05139126628637314, 0.05090973153710365, 0.05125569924712181, 0.05096648633480072, 0.05106300860643387, 0.051026828587055206, 0.05103961005806923, 0.05154210701584816, 0.05108872056007385, 0.05113084614276886, 0.05084503814578056, 0.05098837986588478, 0.05100281909108162, 0.05089671537280083, 0.05093807727098465, 0.05093139782547951, 0.05096331611275673, 0.0509338341653347, 0.050909027457237244, 0.05085831508040428, 0.050890229642391205, 0.05088087543845177, 0.05094175040721893, 0.05092528834939003, 0.050891563296318054, 0.05108685791492462], "learning_rate": [0.0010000000474974513, 0.0010000000474974513, 0.0010000000474974513, 0.0010000000474974513, 0.0010000000474974513, 0.0010000000474974513, 0.0010000000474974513, 0.0010000000474974513, 0.0010000000474974513, 0.0010000000474974513, 0.0010000000474974513, 0.0010000000474974513, 0.0010000000474974513, 0.0010000000474974513, 0.0010000000474974513, 0.0010000000474974513, 0.0010000000474974513, 0.0010000000474974513, 0.0010000000474974513, 0.0010000000474974513, 0.0010000000474974513, 0.00020000000949949026, 0.00020000000949949026, 0.00020000000949949026, 0.00020000000949949026, 0.00020000000949949026, 0.00020000000949949026, 0.00020000000949949026, 0.00020000000949949026, 0.00020000000949949026, 0.00020000000949949026, 0.00020000000949949026, 0.00020000000949949026, 0.00020000000949949026, 0.00020000000949949026, 0.00020000000949949026, 0.00020000000949949026, 0.00020000000949949026, 0.00020000000949949026, 0.00020000000949949026, 0.00020000000949949026, 0.00020000000949949026, 0.00020000000949949026, 0.00020000000949949026, 0.00020000000949949026, 0.00020000000949949026, 0.00020000000949949026, 0.00020000000949949026, 0.00020000000949949026, 0.00020000000949949026, 4.0000002627493814e-05, 4.0000002627493814e-05, 4.0000002627493814e-05, 4.0000002627493814e-05, 4.0000002627493814e-05, 4.0000002627493814e-05, 4.0000002627493814e-05, 4.0000002627493814e-05, 4.0000002627493814e-05, 4.0000002627493814e-05, 4.0000002627493814e-05, 4.0000002627493814e-05, 4.0000002627493814e-05, 4.0000002627493814e-05, 4.0000002627493814e-05, 4.0000002627493814e-05, 4.0000002627493814e-05, 4.0000002627493814e-05, 4.0000002627493814e-05, 4.0000002627493814e-05, 4.0000002627493814e-05, 4.0000002627493814e-05, 8.000000889296643e-06, 8.000000889296643e-06, 8.000000889296643e-06, 8.000000889296643e-06, 8.000000889296643e-06, 8.000000889296643e-06, 8.000000889296643e-06, 8.000000889296643e-06, 8.000000889296643e-06, 8.000000889296643e-06, 1.6000001323845936e-06, 1.6000001323845936e-06, 1.6000001323845936e-06, 1.6000001323845936e-06, 1.6000001323845936e-06, 1.6000001323845936e-06, 1.6000001323845936e-06, 1.6000001323845936e-06, 9.999999974752427e-07, 9.999999974752427e-07, 9.999999974752427e-07, 9.999999974752427e-07, 9.999999974752427e-07, 9.999999974752427e-07, 9.999999974752427e-07, 9.999999974752427e-07]}