{"loss": [0.30744868516921997, 0.10781596601009369, 0.1036439836025238, 0.10060448944568634, 0.09531401097774506, 0.0917242243885994, 0.08769311010837555, 0.08589016646146774, 0.08183743059635162, 0.08251571655273438, 0.08299504220485687, 0.08030764013528824, 0.07983894646167755, 0.07634540647268295, 0.07741295546293259, 0.0776657983660698, 0.0786544531583786, 0.07412921637296677, 0.07622863352298737, 0.07460425049066544, 0.07671947032213211, 0.07445602118968964, 0.07551391422748566, 0.07468482851982117, 0.0739559680223465, 0.07662900537252426, 0.07504992932081223, 0.07449401915073395, 0.0734657272696495, 0.04323751851916313, 0.03675633668899536, 0.036003630608320236, 0.035682983696460724, 0.03545434772968292, 0.03566863387823105, 0.035115309059619904, 0.03479931131005287, 0.03441070392727852, 0.03428502380847931, 0.02837314084172249, 0.026894858106970787, 0.02648627571761608, 0.02621643990278244, 0.026136713102459908, 0.025907745584845543, 0.02583308331668377, 0.025750014930963516, 0.025589779019355774, 0.02552693337202072, 0.02529691532254219, 0.02545137330889702, 0.025233719497919083, 0.0250654648989439, 0.02515004761517048, 0.024983609095215797, 0.024860067293047905, 0.024839602410793304, 0.024738067761063576, 0.024662069976329803, 0.024565329775214195, 0.024552151560783386, 0.02430519089102745, 0.024222778156399727, 0.024291804060339928, 0.024171749129891396, 0.02403591386973858, 0.023899827152490616, 0.02240973897278309, 0.02234296128153801, 0.022313810884952545, 0.022259019315242767, 0.022234546020627022, 0.02218231000006199, 0.022183334454894066, 0.022156164050102234, 0.02213471755385399, 0.021794844418764114, 0.02178850583732128, 0.02177773229777813, 0.021772896870970726, 0.021776223555207253, 0.021769454702734947, 0.021764356642961502, 0.021759841591119766, 0.02175896055996418, 0.021719614043831825, 0.021715598180890083, 0.021711042150855064, 0.021710634231567383, 0.021709328517317772, 0.021703632548451424, 0.02170475758612156, 0.02170030027627945, 0.02169695869088173, 0.021696457639336586, 0.021692944690585136, 0.02168966829776764, 0.0216901283711195, 0.021684087812900543, 0.021682215854525566], "val_loss": [0.08824878931045532, 0.09032712131738663, 0.101396344602108, 0.0824500247836113, 0.07371886074542999, 0.09665949642658234, 0.07777167856693268, 0.07270410656929016, 0.07760193943977356, 0.08122895658016205, 0.09684763103723526, 0.0751214548945427, 0.06811608374118805, 0.06683201342821121, 0.06728315353393555, 0.07953447103500366, 0.06583159416913986, 0.06962674111127853, 0.07081338763237, 0.07421863079071045, 0.06399962306022644, 0.07489700615406036, 0.07420343905687332, 0.0679856538772583, 0.06805536150932312, 0.06698289513587952, 0.07200393080711365, 0.06645454466342926, 0.06755989044904709, 0.03715085610747337, 0.03528011962771416, 0.04493121802806854, 0.03951789066195488, 0.03809874504804611, 0.03530661016702652, 0.03702674061059952, 0.03667021170258522, 0.03690342232584953, 0.03625307232141495, 0.03294089809060097, 0.032816898077726364, 0.03248255327343941, 0.03223475441336632, 0.03267335519194603, 0.03227318450808525, 0.032049812376499176, 0.03197091817855835, 0.032236259430646896, 0.03258312866091728, 0.03325790539383888, 0.03178714960813522, 0.03178021311759949, 0.03174673765897751, 0.03165726736187935, 0.03190178796648979, 0.03210956230759621, 0.03186258301138878, 0.03220536559820175, 0.03154886141419411, 0.03194960579276085, 0.031876083463430405, 0.03145305812358856, 0.03281968832015991, 0.0316314771771431, 0.03186315298080444, 0.03189849108457565, 0.03232324495911598, 0.03139974921941757, 0.031576234847307205, 0.03156488016247749, 0.03140096738934517, 0.031454913318157196, 0.03140343353152275, 0.03135522082448006, 0.03151460736989975, 0.031426358968019485, 0.031272292137145996, 0.03130927309393883, 0.031221335753798485, 0.03137781843543053, 0.031334929168224335, 0.03123796172440052, 0.03129976615309715, 0.03125176578760147, 0.031244516372680664, 0.03125280141830444, 0.03127614036202431, 0.031248077750205994, 0.031211556866765022, 0.03123563528060913, 0.031285692006349564, 0.031244516372680664, 0.0312667191028595, 0.03128479793667793, 0.031231557950377464, 0.03123990260064602, 0.03126661479473114, 0.03125791624188423, 0.031259845942258835, 0.031205063685774803], "learning_rate": [0.0010000000474974513, 0.0010000000474974513, 0.0010000000474974513, 0.0010000000474974513, 0.0010000000474974513, 0.0010000000474974513, 0.0010000000474974513, 0.0010000000474974513, 0.0010000000474974513, 0.0010000000474974513, 0.0010000000474974513, 0.0010000000474974513, 0.0010000000474974513, 0.0010000000474974513, 0.0010000000474974513, 0.0010000000474974513, 0.0010000000474974513, 0.0010000000474974513, 0.0010000000474974513, 0.0010000000474974513, 0.0010000000474974513, 0.0010000000474974513, 0.0010000000474974513, 0.0010000000474974513, 0.0010000000474974513, 0.0010000000474974513, 0.0010000000474974513, 0.0010000000474974513, 0.0010000000474974513, 0.00020000000949949026, 0.00020000000949949026, 0.00020000000949949026, 0.00020000000949949026, 0.00020000000949949026, 0.00020000000949949026, 0.00020000000949949026, 0.00020000000949949026, 0.00020000000949949026, 0.00020000000949949026, 4.0000002627493814e-05, 4.0000002627493814e-05, 4.0000002627493814e-05, 4.0000002627493814e-05, 4.0000002627493814e-05, 4.0000002627493814e-05, 4.0000002627493814e-05, 4.0000002627493814e-05, 4.0000002627493814e-05, 4.0000002627493814e-05, 4.0000002627493814e-05, 4.0000002627493814e-05, 4.0000002627493814e-05, 4.0000002627493814e-05, 4.0000002627493814e-05, 4.0000002627493814e-05, 4.0000002627493814e-05, 4.0000002627493814e-05, 4.0000002627493814e-05, 4.0000002627493814e-05, 4.0000002627493814e-05, 4.0000002627493814e-05, 4.0000002627493814e-05, 4.0000002627493814e-05, 4.0000002627493814e-05, 4.0000002627493814e-05, 4.0000002627493814e-05, 4.0000002627493814e-05, 8.000000889296643e-06, 8.000000889296643e-06, 8.000000889296643e-06, 8.000000889296643e-06, 8.000000889296643e-06, 8.000000889296643e-06, 8.000000889296643e-06, 8.000000889296643e-06, 8.000000889296643e-06, 1.6000001323845936e-06, 1.6000001323845936e-06, 1.6000001323845936e-06, 1.6000001323845936e-06, 1.6000001323845936e-06, 1.6000001323845936e-06, 1.6000001323845936e-06, 1.6000001323845936e-06, 1.6000001323845936e-06, 9.999999974752427e-07, 9.999999974752427e-07, 9.999999974752427e-07, 9.999999974752427e-07, 9.999999974752427e-07, 9.999999974752427e-07, 9.999999974752427e-07, 9.999999974752427e-07, 9.999999974752427e-07, 9.999999974752427e-07, 9.999999974752427e-07, 9.999999974752427e-07, 9.999999974752427e-07, 9.999999974752427e-07, 9.999999974752427e-07]}