{"loss": [0.2997725307941437, 0.1370038539171219, 0.1329977959394455, 0.12706229090690613, 0.12169228494167328, 0.12128311395645142, 0.11913244426250458, 0.11187492311000824, 0.11315759271383286, 0.1105605810880661, 0.11806784570217133, 0.10890159755945206, 0.05150032415986061, 0.05054130405187607, 0.05100094527006149, 0.05053115263581276, 0.050590746104717255, 0.04988279566168785, 0.049715831875801086, 0.0494605116546154, 0.050926368683576584, 0.050053782761096954, 0.04960821568965912, 0.049620818346738815, 0.049637436866760254, 0.049436576664447784, 0.03813415393233299, 0.037266138941049576, 0.037225205451250076, 0.03722916916012764, 0.03697704151272774, 0.03705204650759697, 0.03701029345393181, 0.03691515326499939, 0.03685629740357399, 0.034634578973054886, 0.034226998686790466, 0.03412510082125664, 0.03409769758582115, 0.03403061255812645, 0.03409883379936218, 0.03403257951140404, 0.03397120535373688, 0.033986687660217285, 0.03391769528388977, 0.0339653454720974, 0.03402015566825867, 0.03390684723854065, 0.03396448865532875, 0.033287495374679565, 0.03326692059636116, 0.033241357654333115, 0.033248744904994965, 0.03324785828590393, 0.033251263201236725, 0.03322802856564522, 0.033243902027606964, 0.033239658921957016, 0.03322961926460266, 0.03323397412896156, 0.03314938023686409, 0.03314998000860214, 0.03315199166536331, 0.033141765743494034, 0.03315053507685661, 0.03314279764890671, 0.03313617780804634, 0.0331493578851223, 0.03313882276415825, 0.03313811495900154, 0.03312942385673523, 0.0331302210688591, 0.033135153353214264, 0.03313075006008148, 0.03312939777970314, 0.033115845173597336, 0.03313048183917999, 0.03312715142965317, 0.03312802314758301, 0.03312141075730324, 0.03312062844634056, 0.0331231914460659, 0.03311973437666893, 0.0331139862537384, 0.033102329820394516, 0.033112458884716034, 0.033104896545410156, 0.03311264514923096, 0.033100374042987823, 0.03310226649045944, 0.033099375665187836], "val_loss": [0.12842094898223877, 0.10954946279525757, 0.1318819522857666, 0.09528052806854248, 0.11821980029344559, 0.17306627333164215, 0.1915929913520813, 0.16755762696266174, 0.10902274399995804, 0.1292313039302826, 0.11309739947319031, 0.10543826967477798, 0.04866877943277359, 0.047054972499608994, 0.050799667835235596, 0.04930063337087631, 0.04708532616496086, 0.043701183050870895, 0.0515124686062336, 0.04967335984110832, 0.04463536664843559, 0.053009264171123505, 0.04664184898138046, 0.043715961277484894, 0.04597233980894089, 0.04627787321805954, 0.035198286175727844, 0.03526074066758156, 0.03604767471551895, 0.0354192741215229, 0.03839106857776642, 0.03530721366405487, 0.03605877235531807, 0.03562973812222481, 0.03555995598435402, 0.0340874008834362, 0.03361533209681511, 0.03371330723166466, 0.03402597829699516, 0.03370670601725578, 0.033509332686662674, 0.03351592645049095, 0.03352503105998039, 0.03368675336241722, 0.03351365774869919, 0.03387785702943802, 0.03356839716434479, 0.03383360430598259, 0.033783573657274246, 0.033419109880924225, 0.03342192992568016, 0.03340643644332886, 0.03340504318475723, 0.03344515338540077, 0.033427152782678604, 0.03347121179103851, 0.03348897024989128, 0.03344293683767319, 0.03338371217250824, 0.03340136259794235, 0.03342420235276222, 0.03338339179754257, 0.03337223082780838, 0.033362068235874176, 0.033392779529094696, 0.033389799296855927, 0.03348977491259575, 0.03336571529507637, 0.03341279551386833, 0.03335043042898178, 0.03337728604674339, 0.03345013037323952, 0.03341354802250862, 0.03336881846189499, 0.0333712212741375, 0.03331488370895386, 0.03332250192761421, 0.03333384171128273, 0.03336704149842262, 0.03336067125201225, 0.03335266560316086, 0.03336343541741371, 0.03335373476147652, 0.03335918113589287, 0.03350016474723816, 0.0333593487739563, 0.03334591165184975, 0.03336870297789574, 0.03332990035414696, 0.03340005874633789, 0.033365458250045776], "learning_rate": [0.0010000000474974513, 0.0010000000474974513, 0.0010000000474974513, 0.0010000000474974513, 0.0010000000474974513, 0.0010000000474974513, 0.0010000000474974513, 0.0010000000474974513, 0.0010000000474974513, 0.0010000000474974513, 0.0010000000474974513, 0.0010000000474974513, 0.00020000000949949026, 0.00020000000949949026, 0.00020000000949949026, 0.00020000000949949026, 0.00020000000949949026, 0.00020000000949949026, 0.00020000000949949026, 0.00020000000949949026, 0.00020000000949949026, 0.00020000000949949026, 0.00020000000949949026, 0.00020000000949949026, 0.00020000000949949026, 0.00020000000949949026, 4.0000002627493814e-05, 4.0000002627493814e-05, 4.0000002627493814e-05, 4.0000002627493814e-05, 4.0000002627493814e-05, 4.0000002627493814e-05, 4.0000002627493814e-05, 4.0000002627493814e-05, 4.0000002627493814e-05, 8.000000889296643e-06, 8.000000889296643e-06, 8.000000889296643e-06, 8.000000889296643e-06, 8.000000889296643e-06, 8.000000889296643e-06, 8.000000889296643e-06, 8.000000889296643e-06, 8.000000889296643e-06, 8.000000889296643e-06, 8.000000889296643e-06, 8.000000889296643e-06, 8.000000889296643e-06, 8.000000889296643e-06, 1.6000001323845936e-06, 1.6000001323845936e-06, 1.6000001323845936e-06, 1.6000001323845936e-06, 1.6000001323845936e-06, 1.6000001323845936e-06, 1.6000001323845936e-06, 1.6000001323845936e-06, 1.6000001323845936e-06, 1.6000001323845936e-06, 1.6000001323845936e-06, 9.999999974752427e-07, 9.999999974752427e-07, 9.999999974752427e-07, 9.999999974752427e-07, 9.999999974752427e-07, 9.999999974752427e-07, 9.999999974752427e-07, 9.999999974752427e-07, 9.999999974752427e-07, 9.999999974752427e-07, 9.999999974752427e-07, 9.999999974752427e-07, 9.999999974752427e-07, 9.999999974752427e-07, 9.999999974752427e-07, 9.999999974752427e-07, 9.999999974752427e-07, 9.999999974752427e-07, 9.999999974752427e-07, 9.999999974752427e-07, 9.999999974752427e-07, 9.999999974752427e-07, 9.999999974752427e-07, 9.999999974752427e-07, 9.999999974752427e-07, 9.999999974752427e-07, 9.999999974752427e-07, 9.999999974752427e-07, 9.999999974752427e-07, 9.999999974752427e-07, 9.999999974752427e-07]}