{"10": {"0.0": {"val_loss": 0.25745242834091187, "mean_R2": 0.9654264389733472}, "0.0001": {"val_loss": 0.262716144323349, "mean_R2": 0.9604083159172134}, "0.001": {"val_loss": 0.2594452202320099, "mean_R2": 0.9998016832569744}, "0.005": {"val_loss": 0.25493133068084717, "mean_R2": 0.9998746119957418}, "0.01": {"val_loss": 0.2501072883605957, "mean_R2": 0.9998438186718772}, "0.05": {"val_loss": 0.25361892580986023, "mean_R2": 0.9998511334313238}, "0.1": {"val_loss": 0.24783967435359955, "mean_R2": 0.9998229029254638}, "0.3": {"val_loss": 0.24175256490707397, "mean_R2": 0.9998524862433672}, "1.0": {"val_loss": 0.24561144411563873, "mean_R2": 0.9978071364833293}, "0.0007": {"val_loss": 0.17236573994159698, "mean_R2": 0.8809782033719147}, "0.03": {"val_loss": 0.19015412032604218, "mean_R2": 0.943266134047569}}, "20": {"0.0": {"val_loss": 0.6931521892547607, "mean_R2": 0.05464950089528146}, "0.0001": {"val_loss": 0.6930578351020813, "mean_R2": 0.7102866121667142}, "0.001": {"val_loss": 0.6931694149971008, "mean_R2": 0.3987823876773232}, "0.005": {"val_loss": 0.6929857730865479, "mean_R2": 0.6543360533481102}, "0.01": {"val_loss": 0.6928296685218811, "mean_R2": 0.485558821469143}, "0.05": {"val_loss": 0.6930357217788696, "mean_R2": 0.5296029394881722}, "0.1": {"val_loss": 0.6927732825279236, "mean_R2": 0.6564431567591236}, "0.3": {"val_loss": 0.692819356918335, "mean_R2": 0.5500696234217146}, "1.0": {"val_loss": 0.6383712887763977, "mean_R2": 0.90773499891007}, "0.0007": {"val_loss": 0.08554098010063171, "mean_R2": 0.9373277075176345}}, "30": {"0.0": {"val_loss": 0.6930942535400391, "mean_R2": 0.4689562670907694}, "0.0001": {"val_loss": 0.6930972933769226, "mean_R2": 0.6287458926144819}, "0.001": {"val_loss": 0.6931206583976746, "mean_R2": 0.6071593468736348}, "0.005": {"val_loss": 0.6930902600288391, "mean_R2": 0.5160802103230164}, "0.01": {"val_loss": 0.6931353807449341, "mean_R2": 0.33836487153649897}, "0.05": {"val_loss": 0.6931216716766357, "mean_R2": 0.6045468380601632}, "0.1": {"val_loss": 0.6930776834487915, "mean_R2": 0.8477263509306764}, "0.3": {"val_loss": 0.693091869354248, "mean_R2": 0.5511016970204823}, "1.0": {"val_loss": 0.6931234002113342, "mean_R2": 0.40205193755111807}}, "40": {"0.0": {"val_loss": 0.6930864453315735, "mean_R2": 0.48441812751033436}, "0.0001": {"val_loss": 0.6930812001228333, "mean_R2": 0.6751079445533743}, "0.001": {"val_loss": 0.6930857300758362, "mean_R2": 0.7442890614691353}, "0.005": {"val_loss": 0.6930966377258301, "mean_R2": 0.21583438805151528}, "0.01": {"val_loss": 0.6930645704269409, "mean_R2": 0.7721804523103017}, "0.05": {"val_loss": 0.6930609941482544, "mean_R2": 0.6199731036901004}, "0.1": {"val_loss": 0.6931139230728149, "mean_R2": 0.2848357024088608}, "0.3": {"val_loss": 0.6930809617042542, "mean_R2": 0.8334045926824264}, "1.0": {"val_loss": 0.6931366920471191, "mean_R2": 0.18250903834277313}}, "60": {"0.0": {"val_loss": 0.6930388808250427, "mean_R2": 0.52552487866771}, "0.0001": {"val_loss": 0.6930456757545471, "mean_R2": 0.35958479533947385}, "0.001": {"val_loss": 0.6930726170539856, "mean_R2": 0.8422223207810997}, "0.005": {"val_loss": 0.6930423974990845, "mean_R2": 0.710388373834254}, "0.01": {"val_loss": 0.6930432319641113, "mean_R2": 0.46995672818724105}, "0.05": {"val_loss": 0.6930477023124695, "mean_R2": 0.4391783679779628}, "0.1": {"val_loss": 0.6930904388427734, "mean_R2": 0.8558877883414989}, "0.3": {"val_loss": 0.6930550932884216, "mean_R2": 0.6788406902722481}, "1.0": {"val_loss": 0.6930561661720276, "mean_R2": 0.6403496552415779}}}