{"10": {"0.0001": {"val_loss": 0.16832824051380157, "mean_R2": 0.7026068636944504}, "0.001": {"val_loss": 0.17638389766216278, "mean_R2": 0.9265533642155329}, "0.005": {"val_loss": 0.183172807097435, "mean_R2": 0.715772496734448}, "0.0007": {"val_loss": 0.1712963730096817, "mean_R2": 0.9723975553895906}, "0.01": {"val_loss": 0.18241578340530396, "mean_R2": 0.966143223954965}, "0.03": {"val_loss": 0.19373789429664612, "mean_R2": 0.9396958573341101}, "0.05": {"val_loss": 0.1897830218076706, "mean_R2": 0.6820928540264952}, "0.1": {"val_loss": 0.6931296586990356, "mean_R2": 0.7834593618038542}, "0.3": {"val_loss": 0.6931465268135071, "mean_R2": 0.9370764497598891}, "1.0": {"val_loss": 0.693148136138916, "mean_R2": 0.9530985158959253}}, "20": {"0.0001": {"val_loss": 0.09589267522096634, "mean_R2": 0.8099254769791427}, "0.001": {"val_loss": 0.08639296144247055, "mean_R2": 0.9333489788097389}, "0.0007": {"val_loss": 0.08597806841135025, "mean_R2": 0.8413175719424055}, "0.005": {"val_loss": 0.089117132127285, "mean_R2": 0.9720266047930906}, "0.01": {"val_loss": 0.09058428555727005, "mean_R2": 0.7997931026488871}, "0.03": {"val_loss": 0.09358445554971695, "mean_R2": 0.9563873561550149}, "0.05": {"val_loss": 0.09343518316745758, "mean_R2": 0.9829087962337091}, "0.1": {"val_loss": 0.09764545410871506, "mean_R2": 0.9804609360817592}, "0.3": {"val_loss": 0.10839461535215378, "mean_R2": 0.3774106802438404}, "1.0": {"val_loss": 0.693166971206665, "mean_R2": 0.9336816779086463}}, "30": {"0.0001": {"val_loss": 0.06496094912290573, "mean_R2": 0.8159181929260008}, "0.0007": {"val_loss": 0.05516532436013222, "mean_R2": 0.8282768440109739}, "0.001": {"val_loss": 0.05483453348278999, "mean_R2": 0.8904705434488223}, "0.005": {"val_loss": 0.05789225548505783, "mean_R2": 0.9597531805593004}, "0.01": {"val_loss": 0.05894109979271889, "mean_R2": 0.934320546324198}, "0.03": {"val_loss": 0.06237068027257919, "mean_R2": 0.9464014632071298}, "0.05": {"val_loss": 0.06316512823104858, "mean_R2": 0.9919522535576683}, "0.1": {"val_loss": 0.0647875964641571, "mean_R2": 0.9726281413173349}, "0.3": {"val_loss": 0.07317502796649933, "mean_R2": 0.9226241730400117}, "1.0": {"val_loss": 0.08546563237905502, "mean_R2": 0.9933218855193506}}, "40": {"0.0001": {"val_loss": 0.059713054448366165, "mean_R2": 0.8538994538873739}, "0.0007": {"val_loss": 0.04728806018829346, "mean_R2": 0.9147873235568861}, "0.001": {"val_loss": 0.04788297787308693, "mean_R2": 0.9288174067148689}, "0.005": {"val_loss": 0.04916282370686531, "mean_R2": 0.8996181763992557}, "0.01": {"val_loss": 0.04941573366522789, "mean_R2": 0.9372240524310328}, "0.03": {"val_loss": 0.051771845668554306, "mean_R2": 0.9786856902239489}, "0.05": {"val_loss": 0.05145084112882614, "mean_R2": 0.9751630558103068}, "0.1": {"val_loss": 0.05563053488731384, "mean_R2": 0.9792841675690507}, "0.3": {"val_loss": 0.059454936534166336, "mean_R2": 0.8977159900278735}, "1.0": {"val_loss": 0.07370265573263168, "mean_R2": 0.9797329824696357}}, "60": {"0.0001": {"val_loss": 0.0320977084338665, "mean_R2": 0.919507035338321}, "0.0007": {"val_loss": 0.029529064893722534, "mean_R2": 0.9187213293589777}, "0.001": {"val_loss": 0.029285870492458344, "mean_R2": 0.8676494751875887}, "0.005": {"val_loss": 0.031439464539289474, "mean_R2": 0.8393308684726162}, "0.01": {"val_loss": 0.03109305165708065, "mean_R2": 0.9814855474185825}, "0.03": {"val_loss": 0.032578982412815094, "mean_R2": 0.9807575093009959}, "0.05": {"val_loss": 0.03416919708251953, "mean_R2": 0.9913824761327992}}}