{"10": {"0.0_0.0": {"val_loss": 0.16471846401691437, "mean_R2": 0.36931462708264384}, "0.0_1e-05": {"val_loss": 0.16804461181163788, "mean_R2": 0.3295939463810151}, "0.0_0.0001": {"val_loss": 0.16734319925308228, "mean_R2": 0.44327996151204646}, "0.0_0.001": {"val_loss": 0.1793534755706787, "mean_R2": 0.7890936296286465}, "0.0_0.01": {"val_loss": 0.18686135113239288, "mean_R2": 0.9883618443583846}, "0.0001_0.0": {"val_loss": 0.164434015750885, "mean_R2": 0.3205550684985811}, "0.0001_1e-05": {"val_loss": 0.16606839001178741, "mean_R2": 0.4764587351943178}, "0.0001_0.0001": {"val_loss": 0.16858258843421936, "mean_R2": 0.6140517745382128}, "0.0001_0.001": {"val_loss": 0.18002137541770935, "mean_R2": 0.9169301925142576}, "0.0001_0.01": {"val_loss": 0.18815691769123077, "mean_R2": 0.9103952274748714}, "0.001_0.0": {"val_loss": 0.16648699343204498, "mean_R2": 0.3577828972526026}, "0.001_1e-05": {"val_loss": 0.16885170340538025, "mean_R2": 0.432769493386153}, "0.001_0.0001": {"val_loss": 0.16835713386535645, "mean_R2": 0.7212256989493331}, "0.001_0.001": {"val_loss": 0.1772020310163498, "mean_R2": 0.9737217526197367}, "0.001_0.01": {"val_loss": 0.18999408185482025, "mean_R2": 0.962742323895908}, "0.01_0.0": {"val_loss": 0.16796109080314636, "mean_R2": 0.7740566733439194}, "0.01_1e-05": {"val_loss": 0.16850508749485016, "mean_R2": 0.6742245553345945}, "0.01_0.0001": {"val_loss": 0.168562114238739, "mean_R2": 0.6449470315109341}, "0.01_0.001": {"val_loss": 0.1788867861032486, "mean_R2": 0.7608279378290845}, "0.01_0.01": {"val_loss": 0.18293805420398712, "mean_R2": 0.8841865004512875}, "0.1_0.0": {"val_loss": 0.17439545691013336, "mean_R2": 0.9749186082745092}, "0.1_1e-05": {"val_loss": 0.1779855638742447, "mean_R2": 0.9889576857751757}, "0.1_0.0001": {"val_loss": 0.17834977805614471, "mean_R2": 0.9497002666803163}, "0.1_0.001": {"val_loss": 0.18081146478652954, "mean_R2": 0.9751005195160399}, "0.1_0.01": {"val_loss": 0.18472662568092346, "mean_R2": 0.8910521231619042}, "0.3_0.0": {"val_loss": 0.17927314341068268, "mean_R2": 0.9601365950692817}, "0.3_1e-05": {"val_loss": 0.17642496526241302, "mean_R2": 0.9996581603730911}, "0.3_0.0001": {"val_loss": 0.17864376306533813, "mean_R2": 0.9952332807456514}, "0.3_0.001": {"val_loss": 0.1803489625453949, "mean_R2": 0.9573609448978355}, "0.3_0.01": {"val_loss": 0.18634092807769775, "mean_R2": 0.6403691217935925}, "1.0_0.0": {"val_loss": 0.17970986664295197, "mean_R2": 0.9736995740983461}, "1.0_1e-05": {"val_loss": 0.1772947460412979, "mean_R2": 0.9997182383013741}, "1.0_0.0001": {"val_loss": 0.17864017188549042, "mean_R2": 0.9986861351620646}, "1.0_0.001": {"val_loss": 0.18035347759723663, "mean_R2": 0.9627633823440127}, "1.0_0.01": {"val_loss": 0.18663467466831207, "mean_R2": 0.8016401489601982}}, "20": {"0.0_0.0": {"val_loss": 0.08743260055780411, "mean_R2": 0.5407194669510559}, "0.0_1e-05": {"val_loss": 0.09173154085874557, "mean_R2": 0.6272104097187704}, "0.0_0.0001": {"val_loss": 0.09186035394668579, "mean_R2": 0.5699467423723733}, "0.0_0.001": {"val_loss": 0.08671656996011734, "mean_R2": 0.7373320137557434}, "0.0_0.01": {"val_loss": 0.08996602892875671, "mean_R2": 0.8817731470001156}, "0.0001_0.0": {"val_loss": 0.08781592547893524, "mean_R2": 0.5581563224830909}, "0.0001_1e-05": {"val_loss": 0.09517759084701538, "mean_R2": 0.46441559261566456}, "0.0001_0.0001": {"val_loss": 0.09350718557834625, "mean_R2": 0.4572067240959539}, "0.0001_0.001": {"val_loss": 0.08682196587324142, "mean_R2": 0.7551356891931459}, "0.0001_0.01": {"val_loss": 0.08967621624469757, "mean_R2": 0.9844316113238554}, "0.001_0.0": {"val_loss": 0.08854840695858002, "mean_R2": 0.5720735890727084}, "0.001_1e-05": {"val_loss": 0.08971773087978363, "mean_R2": 0.6864534301069649}, "0.001_0.0001": {"val_loss": 0.09244734793901443, "mean_R2": 0.6115017326277313}, "0.001_0.001": {"val_loss": 0.08691823482513428, "mean_R2": 0.8025559951989062}, "0.001_0.01": {"val_loss": 0.09112563729286194, "mean_R2": 0.8389703391723837}, "0.01_0.0": {"val_loss": 0.09330089390277863, "mean_R2": 0.5918361254166294}, "0.01_1e-05": {"val_loss": 0.09346576780080795, "mean_R2": 0.5810510735170703}, "0.01_0.0001": {"val_loss": 0.08987264335155487, "mean_R2": 0.6017981419779117}, "0.01_0.001": {"val_loss": 0.08668284118175507, "mean_R2": 0.825583409792645}, "0.01_0.01": {"val_loss": 0.09076432138681412, "mean_R2": 0.9495594170465352}, "0.1_0.0": {"val_loss": 0.08951321989297867, "mean_R2": 0.8581580826134069}, "0.1_1e-05": {"val_loss": 0.08802496641874313, "mean_R2": 0.809860568072604}, "0.1_0.0001": {"val_loss": 0.08615986257791519, "mean_R2": 0.8558981219897233}, "0.1_0.001": {"val_loss": 0.08663910627365112, "mean_R2": 0.8232000863642633}, "0.1_0.01": {"val_loss": 0.09084927290678024, "mean_R2": 0.8991905070284814}, "0.3_0.0": {"val_loss": 0.0851646363735199, "mean_R2": 0.936059639522157}, "0.3_1e-05": {"val_loss": 0.08517611026763916, "mean_R2": 0.9438031862868983}, "0.3_0.0001": {"val_loss": 0.08521192520856857, "mean_R2": 0.9273449060276009}, "0.3_0.001": {"val_loss": 0.08744073659181595, "mean_R2": 0.928700567697043}, "0.3_0.01": {"val_loss": 0.09212441742420197, "mean_R2": 0.8744859782688118}, "1.0_0.0": {"val_loss": 0.08618511259555817, "mean_R2": 0.9946114231781407}, "1.0_1e-05": {"val_loss": 0.08627395331859589, "mean_R2": 0.9992959791922094}, "1.0_0.0001": {"val_loss": 0.08670486509799957, "mean_R2": 0.9992714799703541}, "1.0_0.001": {"val_loss": 0.08684735745191574, "mean_R2": 0.9944215053793123}, "1.0_0.01": {"val_loss": 0.09100567549467087, "mean_R2": 0.8625107159668479}}, "30": {"0.0_0.0": {"val_loss": 0.060046616941690445, "mean_R2": 0.8273806750643794}, "0.0_1e-05": {"val_loss": 0.06288652122020721, "mean_R2": 0.8157707080945561}, "0.0_0.0001": {"val_loss": 0.06351305544376373, "mean_R2": 0.837638840420274}, "0.0_0.001": {"val_loss": 0.05578593164682388, "mean_R2": 0.9296061155557127}, "0.0_0.01": {"val_loss": 0.05873601511120796, "mean_R2": 0.9446061134318695}, "0.0001_0.0": {"val_loss": 0.06047125905752182, "mean_R2": 0.7905478675272652}, "0.0001_1e-05": {"val_loss": 0.0624387189745903, "mean_R2": 0.7847108488696541}, "0.0001_0.0001": {"val_loss": 0.06469573080539703, "mean_R2": 0.8204638094374092}, "0.0001_0.001": {"val_loss": 0.05527771636843681, "mean_R2": 0.9142713354345929}, "0.0001_0.01": {"val_loss": 0.06018281355500221, "mean_R2": 0.8906431358846753}, "0.001_0.0": {"val_loss": 0.0606684684753418, "mean_R2": 0.8006221358674107}, "0.001_1e-05": {"val_loss": 0.06420578807592392, "mean_R2": 0.802985031567426}, "0.001_0.0001": {"val_loss": 0.06471811980009079, "mean_R2": 0.8207342308283582}, "0.001_0.001": {"val_loss": 0.055386949330568314, "mean_R2": 0.9568606038580798}, "0.001_0.01": {"val_loss": 0.05968500301241875, "mean_R2": 0.9726696504642944}, "0.01_0.0": {"val_loss": 0.06214432418346405, "mean_R2": 0.7516051097280326}, "0.01_1e-05": {"val_loss": 0.0683077871799469, "mean_R2": 0.8317778105067114}, "0.01_0.0001": {"val_loss": 0.06378816068172455, "mean_R2": 0.813115126722929}, "0.01_0.001": {"val_loss": 0.05553455278277397, "mean_R2": 0.9127651759230835}, "0.01_0.01": {"val_loss": 0.05996613949537277, "mean_R2": 0.9623145638229467}, "0.1_0.0": {"val_loss": 0.06388818472623825, "mean_R2": 0.844965124079651}, "0.1_1e-05": {"val_loss": 0.06344494968652725, "mean_R2": 0.8109027295304919}, "0.1_0.0001": {"val_loss": 0.060501184314489365, "mean_R2": 0.8704483937716688}, "0.1_0.001": {"val_loss": 0.055372778326272964, "mean_R2": 0.9371294770531376}, "0.1_0.01": {"val_loss": 0.05965643748641014, "mean_R2": 0.957755778076838}, "0.3_0.0": {"val_loss": 0.057505033910274506, "mean_R2": 0.8996338285134828}, "0.3_1e-05": {"val_loss": 0.057741716504096985, "mean_R2": 0.8935009956680358}, "0.3_0.0001": {"val_loss": 0.05647239834070206, "mean_R2": 0.8989728221994443}, "0.3_0.001": {"val_loss": 0.05524556711316109, "mean_R2": 0.924469343404419}, "0.3_0.01": {"val_loss": 0.059102900326251984, "mean_R2": 0.9929410542589499},