{"loss": [10.705265998840332, 4.363008975982666, 2.10870623588562, 1.2438112497329712, 0.8665915727615356, 0.6939804553985596, 0.6128285527229309, 0.5445079207420349, 0.4655873775482178, 0.4074697494506836, 0.3647492229938507, 0.3324946165084839, 0.3076383173465729, 0.2882732152938843, 0.27276021242141724, 0.2603591978549957, 0.25019600987434387, 0.24102534353733063, 0.23264479637145996, 0.2261926382780075, 0.22080057859420776, 0.21653851866722107, 0.2128773033618927, 0.2098708301782608, 0.20741082727909088, 0.20454585552215576, 0.20287281274795532, 0.2010689675807953, 0.19944843649864197, 0.19780123233795166, 0.19666531682014465, 0.19540970027446747, 0.19425037503242493, 0.19316419959068298, 0.19237202405929565, 0.1916881799697876, 0.19086138904094696, 0.19011031091213226, 0.18922437727451324, 0.18847434222698212, 0.18797029554843903, 0.1876300722360611, 0.18688246607780457, 0.18635337054729462, 0.18595677614212036, 0.18532882630825043, 0.18511466681957245, 0.1845303624868393, 0.1839756965637207, 0.18375882506370544, 0.18333686888217926, 0.18331454694271088, 0.18284952640533447, 0.1822960525751114, 0.18247510492801666, 0.1818336695432663, 0.18170791864395142, 0.18117734789848328, 0.18093092739582062, 0.1807367354631424, 0.18038134276866913, 0.1806706190109253, 0.18018940091133118, 0.1798788458108902, 0.18017229437828064, 0.17963045835494995, 0.17924563586711884, 0.17931312322616577, 0.17916911840438843, 0.1787450909614563, 0.17877168953418732, 0.1782986968755722, 0.1781640499830246, 0.17861931025981903, 0.17808175086975098], "val_loss": [6.453597545623779, 2.8684298992156982, 1.5503813028335571, 1.005650520324707, 0.7571000456809998, 0.6431670784950256, 0.5842547416687012, 0.5008118748664856, 0.4326147139072418, 0.38354939222335815, 0.3470960855484009, 0.32022762298583984, 0.29745548963546753, 0.28139442205429077, 0.2669905126094818, 0.25650039315223694, 0.24645724892616272, 0.23778575658798218, 0.23112408816814423, 0.22508907318115234, 0.22003057599067688, 0.21610650420188904, 0.21294496953487396, 0.21344369649887085, 0.2076028436422348, 0.2052476853132248, 0.20284539461135864, 0.20129050314426422, 0.20003356039524078, 0.20046588778495789, 0.1972958892583847, 0.1958770453929901, 0.19659224152565002, 0.19464631378650665, 0.19468189775943756, 0.19271329045295715, 0.19263841211795807, 0.1907745897769928, 0.19203080236911774, 0.19128938019275665, 0.19015716016292572, 0.18988220393657684, 0.18808507919311523, 0.18851006031036377, 0.19269755482673645, 0.1873403787612915, 0.18773530423641205, 0.18613804876804352, 0.18522024154663086, 0.18834230303764343, 0.18638980388641357, 0.1860434114933014, 0.18526603281497955, 0.18436415493488312, 0.18587060272693634, 0.18455132842063904, 0.18425506353378296, 0.18327802419662476, 0.18373551964759827, 0.1818651556968689, 0.1817580610513687, 0.1828974485397339, 0.1876075118780136, 0.18250471353530884, 0.1816454827785492, 0.18265263736248016, 0.18755364418029785, 0.18151594698429108, 0.18038420379161835, 0.180555060505867, 0.18140853941440582, 0.18061316013336182, 0.18137238919734955, 0.18340618908405304, 0.1892305314540863], "learning_rate": [0.0010000000474974513, 0.0010000000474974513, 0.0010000000474974513, 0.0010000000474974513, 0.0010000000474974513, 0.0010000000474974513, 0.0010000000474974513, 0.0010000000474974513, 0.0010000000474974513, 0.0010000000474974513, 0.0010000000474974513, 0.0010000000474974513, 0.0010000000474974513, 0.0010000000474974513, 0.0010000000474974513, 0.0010000000474974513, 0.0010000000474974513, 0.0010000000474974513, 0.0010000000474974513, 0.0010000000474974513, 0.0010000000474974513, 0.0010000000474974513, 0.0010000000474974513, 0.0010000000474974513, 0.0010000000474974513, 0.0010000000474974513, 0.0010000000474974513, 0.0010000000474974513, 0.0010000000474974513, 0.0010000000474974513, 0.0010000000474974513, 0.0010000000474974513, 0.0010000000474974513, 0.0010000000474974513, 0.0010000000474974513, 0.0010000000474974513, 0.0010000000474974513, 0.0010000000474974513, 0.0010000000474974513, 0.0010000000474974513, 0.0010000000474974513, 0.0010000000474974513, 0.0010000000474974513, 0.0010000000474974513, 0.0010000000474974513, 0.0010000000474974513, 0.0010000000474974513, 0.0010000000474974513, 0.0010000000474974513, 0.0010000000474974513, 0.0010000000474974513, 0.0010000000474974513, 0.0010000000474974513, 0.0010000000474974513, 0.0010000000474974513, 0.0010000000474974513, 0.0010000000474974513, 0.0010000000474974513, 0.0010000000474974513, 0.0010000000474974513, 0.0010000000474974513, 0.0010000000474974513, 0.0010000000474974513, 0.0010000000474974513, 0.0010000000474974513, 0.0010000000474974513, 0.0010000000474974513, 0.0010000000474974513, 0.0010000000474974513, 0.0010000000474974513, 0.0010000000474974513, 0.0010000000474974513, 0.0010000000474974513, 0.0010000000474974513, 0.0010000000474974513]}