{"loss": [38.40456008911133, 13.723023414611816, 5.128830432891846, 2.0797133445739746, 0.9358322620391846, 0.5082963705062866, 0.3469676971435547, 0.2705017030239105, 0.22583743929862976, 0.19517987966537476, 0.17302189767360687, 0.154946967959404, 0.14128904044628143, 0.13042165338993073, 0.12117918580770493, 0.11380065232515335, 0.10806850343942642, 0.10295921564102173, 0.09915301948785782, 0.09614025801420212, 0.09411492198705673, 0.09157713502645493, 0.0895342156291008, 0.0886690616607666, 0.086684949696064, 0.08591655641794205, 0.08547443896532059, 0.08519379049539566, 0.08306137472391129, 0.0831434354186058, 0.08246131986379623, 0.08147957175970078, 0.08166723698377609, 0.08055078983306885, 0.0803852453827858, 0.08043677359819412, 0.08015996217727661, 0.07925224304199219, 0.07904238998889923, 0.0785880759358406, 0.07840833067893982, 0.07924667745828629, 0.07797497510910034, 0.07767726480960846, 0.07793109863996506, 0.07722115516662598, 0.07701539993286133, 0.07654717564582825, 0.07681579887866974, 0.07702681422233582, 0.07639586925506592, 0.07613666355609894, 0.0760938748717308, 0.0758768618106842, 0.07632764428853989, 0.07612178474664688, 0.07612881809473038, 0.07619419693946838, 0.07537973672151566, 0.07678592205047607, 0.07109405845403671, 0.0708434209227562, 0.07074422389268875, 0.07068129628896713, 0.07052116841077805, 0.07059967517852783, 0.07059873640537262, 0.0706765279173851, 0.07058212906122208, 0.07044931501150131, 0.07056402415037155, 0.07046572118997574, 0.07050610333681107, 0.07039913535118103, 0.07035859674215317], "val_loss": [21.802413940429688, 7.9751105308532715, 3.0984044075012207, 1.3309829235076904, 0.649871826171875, 0.40588030219078064, 0.30103799700737, 0.24651026725769043, 0.20894013345241547, 0.1845305860042572, 0.16353914141654968, 0.14813876152038574, 0.13927538692951202, 0.12900876998901367, 0.11872515082359314, 0.11458640545606613, 0.10565303266048431, 0.10152914375066757, 0.09737528860569, 0.09517086297273636, 0.0923108235001564, 0.09605881571769714, 0.0920640081167221, 0.08854024857282639, 0.08867224305868149, 0.09108865261077881, 0.0881173387169838, 0.0834830030798912, 0.08353612571954727, 0.09051577001810074, 0.08573209494352341, 0.08075642585754395, 0.08483738452196121, 0.08433602750301361, 0.08022142946720123, 0.08320169895887375, 0.08021734654903412, 0.0853220522403717, 0.0810498297214508, 0.08531641960144043, 0.07970064878463745, 0.08313801139593124, 0.07775959372520447, 0.07808089256286621, 0.0792025476694107, 0.07893822342157364, 0.0784105509519577, 0.0774243101477623, 0.07652634382247925, 0.08352790027856827, 0.07670154422521591, 0.07619845867156982, 0.07700063288211823, 0.07765833288431168, 0.07673260569572449, 0.07956292480230331, 0.0852745845913887, 0.07852908223867416, 0.07689949125051498, 0.07675916701555252, 0.07384583353996277, 0.07450994104146957, 0.07542373239994049, 0.07404567301273346, 0.07386492192745209, 0.07369919866323471, 0.07357162982225418, 0.07474377006292343, 0.07435056567192078, 0.07369961589574814, 0.07339126616716385, 0.07351957261562347, 0.07436396926641464, 0.07523804903030396, 0.07351084053516388], "learning_rate": [0.0010000000474974513, 0.0010000000474974513, 0.0010000000474974513, 0.0010000000474974513, 0.0010000000474974513, 0.0010000000474974513, 0.0010000000474974513, 0.0010000000474974513, 0.0010000000474974513, 0.0010000000474974513, 0.0010000000474974513, 0.0010000000474974513, 0.0010000000474974513, 0.0010000000474974513, 0.0010000000474974513, 0.0010000000474974513, 0.0010000000474974513, 0.0010000000474974513, 0.0010000000474974513, 0.0010000000474974513, 0.0010000000474974513, 0.0010000000474974513, 0.0010000000474974513, 0.0010000000474974513, 0.0010000000474974513, 0.0010000000474974513, 0.0010000000474974513, 0.0010000000474974513, 0.0010000000474974513, 0.0010000000474974513, 0.0010000000474974513, 0.0010000000474974513, 0.0010000000474974513, 0.0010000000474974513, 0.0010000000474974513, 0.0010000000474974513, 0.0010000000474974513, 0.0010000000474974513, 0.0010000000474974513, 0.0010000000474974513, 0.0010000000474974513, 0.0010000000474974513, 0.0010000000474974513, 0.0010000000474974513, 0.0010000000474974513, 0.0010000000474974513, 0.0010000000474974513, 0.0010000000474974513, 0.0010000000474974513, 0.0010000000474974513, 0.0010000000474974513, 0.0010000000474974513, 0.0010000000474974513, 0.0010000000474974513, 0.0010000000474974513, 0.0010000000474974513, 0.0010000000474974513, 0.0010000000474974513, 0.0010000000474974513, 0.0010000000474974513, 0.00020000000949949026, 0.00020000000949949026, 0.00020000000949949026, 0.00020000000949949026, 0.00020000000949949026, 0.00020000000949949026, 0.00020000000949949026, 0.00020000000949949026, 0.00020000000949949026, 0.00020000000949949026, 0.00020000000949949026, 0.00020000000949949026, 0.00020000000949949026, 0.00020000000949949026, 0.00020000000949949026]}