{"loss": [82.92369079589844, 28.66315269470215, 9.831034660339355, 3.395796298980713, 1.3404045104980469, 0.7338897585868835, 0.5497159957885742, 0.4785677194595337, 0.43868815898895264, 0.3976195454597473, 0.2944867014884949, 0.2178705334663391, 0.17305797338485718, 0.1428198516368866, 0.1211497038602829, 0.10536056011915207, 0.09353845566511154, 0.08455152809619904, 0.07764070481061935, 0.07242680341005325, 0.06797243654727936, 0.06386435031890869, 0.06134716421365738, 0.05921262875199318, 0.057440467178821564, 0.05635052174329758, 0.05463089793920517, 0.05362436920404434, 0.05300195887684822, 0.052655212581157684, 0.05223371833562851, 0.05112093687057495, 0.05062045529484749, 0.0505337193608284, 0.05015251040458679, 0.04978936165571213, 0.0489104725420475, 0.04861989989876747, 0.04874488338828087, 0.04842972382903099, 0.048490531742572784, 0.04896221309900284, 0.047514524310827255, 0.048401474952697754, 0.04884126037359238, 0.04780309274792671, 0.04771047458052635, 0.048756975680589676, 0.046961426734924316, 0.04698356240987778, 0.046941857784986496, 0.04685119912028313, 0.0478302426636219, 0.04647381231188774, 0.04647546634078026, 0.04148771986365318, 0.04073946177959442, 0.04067761078476906, 0.04044802859425545, 0.04058521240949631, 0.04082108661532402, 0.040512170642614365, 0.040328461676836014, 0.040457118302583694, 0.03911597654223442, 0.03905943036079407, 0.039048805832862854, 0.03903208673000336, 0.038972917944192886, 0.038974665105342865, 0.039014268666505814, 0.03898657113313675, 0.038932930678129196, 0.03892843797802925, 0.03889617696404457], "val_loss": [46.41091537475586, 16.03714942932129, 5.46380615234375, 1.9760606288909912, 0.9151780605316162, 0.6070367097854614, 0.5047178864479065, 0.45257869362831116, 0.4175080955028534, 0.354002982378006, 0.24787135422229767, 0.19202156364917755, 0.1549961268901825, 0.12911389768123627, 0.11156534403562546, 0.09801395237445831, 0.08591802418231964, 0.07793083786964417, 0.07701583206653595, 0.06772200763225555, 0.06436727195978165, 0.0631459653377533, 0.061688121408224106, 0.05739615857601166, 0.06332812458276749, 0.05371552333235741, 0.05381745472550392, 0.05337067320942879, 0.054279375821352005, 0.05552491545677185, 0.050385981798172, 0.056086957454681396, 0.05041483789682388, 0.04901626706123352, 0.05408737063407898, 0.04547165706753731, 0.04800545424222946, 0.047029562294483185, 0.04734276607632637, 0.04467342421412468, 0.05049759894609451, 0.04785638675093651, 0.04602772742509842, 0.04429685324430466, 0.04917268455028534, 0.04518477991223335, 0.04366347938776016, 0.045763786882162094, 0.04364585131406784, 0.04549868404865265, 0.047696802765131, 0.05007265508174896, 0.04454091563820839, 0.04640403389930725, 0.04550444707274437, 0.04095344990491867, 0.04107949137687683, 0.041032951325178146, 0.041379332542419434, 0.04160337522625923, 0.040902309119701385, 0.04131805896759033, 0.04099198803305626, 0.04136211425065994, 0.04040439426898956, 0.04038723185658455, 0.040381357073783875, 0.04049919918179512, 0.04083313047885895, 0.040252551436424255, 0.040229856967926025, 0.040246326476335526, 0.04041031002998352, 0.040216147899627686, 0.04047868028283119], "learning_rate": [0.0010000000474974513, 0.0010000000474974513, 0.0010000000474974513, 0.0010000000474974513, 0.0010000000474974513, 0.0010000000474974513, 0.0010000000474974513, 0.0010000000474974513, 0.0010000000474974513, 0.0010000000474974513, 0.0010000000474974513, 0.0010000000474974513, 0.0010000000474974513, 0.0010000000474974513, 0.0010000000474974513, 0.0010000000474974513, 0.0010000000474974513, 0.0010000000474974513, 0.0010000000474974513, 0.0010000000474974513, 0.0010000000474974513, 0.0010000000474974513, 0.0010000000474974513, 0.0010000000474974513, 0.0010000000474974513, 0.0010000000474974513, 0.0010000000474974513, 0.0010000000474974513, 0.0010000000474974513, 0.0010000000474974513, 0.0010000000474974513, 0.0010000000474974513, 0.0010000000474974513, 0.0010000000474974513, 0.0010000000474974513, 0.0010000000474974513, 0.0010000000474974513, 0.0010000000474974513, 0.0010000000474974513, 0.0010000000474974513, 0.0010000000474974513, 0.0010000000474974513, 0.0010000000474974513, 0.0010000000474974513, 0.0010000000474974513, 0.0010000000474974513, 0.0010000000474974513, 0.0010000000474974513, 0.0010000000474974513, 0.0010000000474974513, 0.0010000000474974513, 0.0010000000474974513, 0.0010000000474974513, 0.0010000000474974513, 0.0010000000474974513, 0.00020000000949949026, 0.00020000000949949026, 0.00020000000949949026, 0.00020000000949949026, 0.00020000000949949026, 0.00020000000949949026, 0.00020000000949949026, 0.00020000000949949026, 0.00020000000949949026, 4.0000002627493814e-05, 4.0000002627493814e-05, 4.0000002627493814e-05, 4.0000002627493814e-05, 4.0000002627493814e-05, 4.0000002627493814e-05, 4.0000002627493814e-05, 4.0000002627493814e-05, 4.0000002627493814e-05, 4.0000002627493814e-05, 4.0000002627493814e-05]}