{"loss": [147.28579711914062, 49.56361770629883, 16.249080657958984, 5.200002193450928, 1.6886937618255615, 0.6078267693519592, 0.31465548276901245, 0.22093142569065094, 0.17532500624656677, 0.14041544497013092, 0.1124630942940712, 0.09284596145153046, 0.07900431007146835, 0.06904624402523041, 0.061057135462760925, 0.056200455874204636, 0.0516849160194397, 0.04802000895142555, 0.04533270001411438, 0.04280721768736839, 0.04148878902196884, 0.03988129273056984, 0.040149759501218796, 0.03818820044398308, 0.038343895226716995, 0.03825116530060768, 0.037215035408735275, 0.03763173893094063, 0.03684582933783531, 0.037203382700681686, 0.0379319041967392, 0.03655632212758064, 0.03619697690010071, 0.035869911313056946, 0.03543773293495178, 0.03616221621632576, 0.036219097673892975, 0.035266172140836716, 0.03711578994989395, 0.03571027144789696, 0.035435765981674194, 0.03670563921332359, 0.034232039004564285, 0.0356411375105381, 0.03681847080588341, 0.036447130143642426, 0.03480008244514465, 0.03471050411462784, 0.027765754610300064, 0.026608658954501152, 0.026519622653722763, 0.02650865539908409, 0.02679109387099743, 0.02655966766178608, 0.026371920481324196, 0.026786217465996742, 0.026784773916006088, 0.026551304385066032, 0.024685494601726532, 0.024515744298696518, 0.024449044838547707, 0.02444017492234707, 0.024352634325623512, 0.024372490122914314, 0.024457531049847603, 0.024386366829276085, 0.02442879043519497, 0.02440675161778927, 0.024365104734897614, 0.024362074211239815, 0.024345016106963158, 0.024286314845085144, 0.024314450100064278, 0.024334318935871124, 0.02430960349738598], "val_loss": [81.37419891357422, 27.088117599487305, 8.698357582092285, 2.8006670475006104, 0.9270824790000916, 0.40233761072158813, 0.2539389729499817, 0.19494229555130005, 0.15882790088653564, 0.12416541576385498, 0.10169947147369385, 0.08531889319419861, 0.07534714043140411, 0.06362056732177734, 0.05983190983533859, 0.052905261516571045, 0.0549241341650486, 0.045412588864564896, 0.041678957641124725, 0.041826002299785614, 0.04181741550564766, 0.04323551058769226, 0.04669007286429405, 0.03740272298455238, 0.037608176469802856, 0.03429833799600601, 0.038107916712760925, 0.03494784235954285, 0.03604712337255478, 0.03490894287824631, 0.04693970829248428, 0.036336541175842285, 0.03421743959188461, 0.033772680908441544, 0.03650413826107979, 0.04317332059144974, 0.03467310592532158, 0.03686283156275749, 0.03277270495891571, 0.03158847987651825, 0.052453089505434036, 0.03221319243311882, 0.03814123943448067, 0.09502001106739044, 0.039033349603414536, 0.03611113131046295, 0.03307958319783211, 0.03528245911002159, 0.02846989594399929, 0.028299439698457718, 0.029027437791228294, 0.02846190519630909, 0.02855665050446987, 0.02874014712870121, 0.030219227075576782, 0.02891797386109829, 0.02873246930539608, 0.02965598739683628, 0.027805374935269356, 0.028019290417432785, 0.02760697528719902, 0.02758611924946308, 0.027555471286177635, 0.027454210445284843, 0.027408523485064507, 0.02751314826309681, 0.02747943252325058, 0.02745116502046585, 0.027581600472331047, 0.027551336213946342, 0.027989977970719337, 0.027352705597877502, 0.027327733114361763, 0.02766760066151619, 0.02743208035826683], "learning_rate": [0.0010000000474974513, 0.0010000000474974513, 0.0010000000474974513, 0.0010000000474974513, 0.0010000000474974513, 0.0010000000474974513, 0.0010000000474974513, 0.0010000000474974513, 0.0010000000474974513, 0.0010000000474974513, 0.0010000000474974513, 0.0010000000474974513, 0.0010000000474974513, 0.0010000000474974513, 0.0010000000474974513, 0.0010000000474974513, 0.0010000000474974513, 0.0010000000474974513, 0.0010000000474974513, 0.0010000000474974513, 0.0010000000474974513, 0.0010000000474974513, 0.0010000000474974513, 0.0010000000474974513, 0.0010000000474974513, 0.0010000000474974513, 0.0010000000474974513, 0.0010000000474974513, 0.0010000000474974513, 0.0010000000474974513, 0.0010000000474974513, 0.0010000000474974513, 0.0010000000474974513, 0.0010000000474974513, 0.0010000000474974513, 0.0010000000474974513, 0.0010000000474974513, 0.0010000000474974513, 0.0010000000474974513, 0.0010000000474974513, 0.0010000000474974513, 0.0010000000474974513, 0.0010000000474974513, 0.0010000000474974513, 0.0010000000474974513, 0.0010000000474974513, 0.0010000000474974513, 0.0010000000474974513, 0.00020000000949949026, 0.00020000000949949026, 0.00020000000949949026, 0.00020000000949949026, 0.00020000000949949026, 0.00020000000949949026, 0.00020000000949949026, 0.00020000000949949026, 0.00020000000949949026, 0.00020000000949949026, 4.0000002627493814e-05, 4.0000002627493814e-05, 4.0000002627493814e-05, 4.0000002627493814e-05, 4.0000002627493814e-05, 4.0000002627493814e-05, 4.0000002627493814e-05, 4.0000002627493814e-05, 4.0000002627493814e-05, 4.0000002627493814e-05, 4.0000002627493814e-05, 4.0000002627493814e-05, 4.0000002627493814e-05, 4.0000002627493814e-05, 4.0000002627493814e-05, 4.0000002627493814e-05, 4.0000002627493814e-05]}