{"loss": [338.1016540527344, 114.99162292480469, 38.118316650390625, 12.021912574768066, 3.5958781242370605, 1.0334150791168213, 0.3700869679450989, 0.20426644384860992, 0.14997610449790955, 0.12098746746778488, 0.10033004730939865, 0.08487401157617569, 0.0729454830288887, 0.06390547007322311, 0.05555726960301399, 0.050797443836927414, 0.046012815088033676, 0.04274981468915939, 0.04226614534854889, 0.03898853808641434, 0.037567637860774994, 0.03600150719285011, 0.035673029720783234, 0.03445940837264061, 0.0374678298830986, 0.03209483623504639, 0.03315788507461548, 0.032183513045310974, 0.04732261225581169, 0.031042717397212982, 0.03123980388045311, 0.030638892203569412, 0.023090142756700516, 0.01986847259104252, 0.020033281296491623, 0.019870221614837646, 0.02007225714623928, 0.020020607858896255, 0.01981998421251774, 0.019884305074810982, 0.019932417199015617, 0.01788223162293434, 0.017593607306480408, 0.017471805214881897, 0.017424924299120903, 0.01739167422056198, 0.017396217212080956, 0.017414221540093422, 0.017394695430994034, 0.017264818772673607, 0.017273815348744392, 0.017327291890978813, 0.01728144846856594, 0.01727728359401226, 0.016794679686427116, 0.016771212220191956, 0.016767427325248718, 0.016760732978582382, 0.016750479117035866, 0.01676146499812603, 0.016748124733567238, 0.016756532713770866, 0.016741104423999786, 0.016622666269540787, 0.016619164496660233, 0.01661488227546215, 0.01661880873143673, 0.016617093235254288, 0.01661793142557144, 0.016614122316241264, 0.016612786799669266, 0.01660272479057312, 0.01660121977329254, 0.0166019257158041], "val_loss": [187.83856201171875, 63.33919906616211, 20.403141021728516, 6.246218204498291, 1.796532392501831, 0.5552873015403748, 0.25355809926986694, 0.17797444760799408, 0.1327732354402542, 0.10947710275650024, 0.09177296608686447, 0.07667089253664017, 0.07146460562944412, 0.05719875544309616, 0.06425733864307404, 0.04869869723916054, 0.04653136432170868, 0.039187878370285034, 0.04246653988957405, 0.03669825196266174, 0.032656967639923096, 0.04517547786235809, 0.03296845406293869, 0.0277877040207386, 0.03304901346564293, 0.03354937583208084, 0.03137245029211044, 0.04655709117650986, 0.028767313808202744, 0.02774731069803238, 0.031735923141241074, 0.03353298455476761, 0.02007981762290001, 0.020634466782212257, 0.020005935803055763, 0.020198233425617218, 0.02065737545490265, 0.021676819771528244, 0.021185092628002167, 0.02149374969303608, 0.020647507160902023, 0.0189706739038229, 0.019265899434685707, 0.01902143843472004, 0.019380610436201096, 0.018820688128471375, 0.018836015835404396, 0.018775789067149162, 0.018828529864549637, 0.018789049237966537, 0.01905565708875656, 0.01904405653476715, 0.01879517361521721, 0.019269702956080437, 0.018600603565573692, 0.018599197268486023, 0.01863367296755314, 0.018595881760120392, 0.018548868596553802, 0.01856360025703907, 0.01865079067647457, 0.018625933676958084, 0.018597053363919258, 0.018592707812786102, 0.01857062056660652, 0.018585577607154846, 0.018574465066194534, 0.01856871135532856, 0.018568838015198708, 0.018575213849544525, 0.01856483519077301, 0.018566511571407318, 0.01857098378241062, 0.018571019172668457], "learning_rate": [0.0010000000474974513, 0.0010000000474974513, 0.0010000000474974513, 0.0010000000474974513, 0.0010000000474974513, 0.0010000000474974513, 0.0010000000474974513, 0.0010000000474974513, 0.0010000000474974513, 0.0010000000474974513, 0.0010000000474974513, 0.0010000000474974513, 0.0010000000474974513, 0.0010000000474974513, 0.0010000000474974513, 0.0010000000474974513, 0.0010000000474974513, 0.0010000000474974513, 0.0010000000474974513, 0.0010000000474974513, 0.0010000000474974513, 0.0010000000474974513, 0.0010000000474974513, 0.0010000000474974513, 0.0010000000474974513, 0.0010000000474974513, 0.0010000000474974513, 0.0010000000474974513, 0.0010000000474974513, 0.0010000000474974513, 0.0010000000474974513, 0.0010000000474974513, 0.00020000000949949026, 0.00020000000949949026, 0.00020000000949949026, 0.00020000000949949026, 0.00020000000949949026, 0.00020000000949949026, 0.00020000000949949026, 0.00020000000949949026, 0.00020000000949949026, 4.0000002627493814e-05, 4.0000002627493814e-05, 4.0000002627493814e-05, 4.0000002627493814e-05, 4.0000002627493814e-05, 4.0000002627493814e-05, 4.0000002627493814e-05, 4.0000002627493814e-05, 4.0000002627493814e-05, 4.0000002627493814e-05, 4.0000002627493814e-05, 4.0000002627493814e-05, 4.0000002627493814e-05, 8.000000889296643e-06, 8.000000889296643e-06, 8.000000889296643e-06, 8.000000889296643e-06, 8.000000889296643e-06, 8.000000889296643e-06, 8.000000889296643e-06, 8.000000889296643e-06, 8.000000889296643e-06, 1.6000001323845936e-06, 1.6000001323845936e-06, 1.6000001323845936e-06, 1.6000001323845936e-06, 1.6000001323845936e-06, 1.6000001323845936e-06, 1.6000001323845936e-06, 1.6000001323845936e-06, 9.999999974752427e-07, 9.999999974752427e-07, 9.999999974752427e-07]}