{"loss": [1.6110031604766846, 0.6956592798233032, 0.6947784423828125, 0.6942304968833923, 0.6944536566734314, 0.6946336627006531, 0.6944588422775269, 0.6945177316665649, 0.694474458694458, 0.6944864392280579, 0.6945455074310303, 0.6944071054458618, 0.6942121386528015, 0.6944305896759033, 0.6939877867698669, 0.6945145726203918, 0.694065511226654, 0.6940495371818542, 0.6941847801208496, 0.69415283203125, 0.6940770745277405, 0.6943376660346985, 0.6941874623298645, 0.6941633224487305, 0.6940905451774597, 0.6942070722579956, 0.6942664384841919, 0.6940365433692932, 0.6939265727996826, 0.69407057762146, 0.6941254138946533, 0.6939480304718018, 0.6940897703170776, 0.6939466595649719, 0.6940563321113586, 0.6938420534133911, 0.693930447101593, 0.6937141418457031, 0.6891558766365051, 0.6692911386489868, 0.6206991672515869, 0.548193097114563, 0.48249560594558716, 0.4175579249858856, 0.366083562374115, 0.33221301436424255, 0.3092355728149414, 0.29248225688934326, 0.279425710439682, 0.2689765989780426, 0.26056385040283203, 0.2536436915397644, 0.2474842518568039, 0.241998091340065, 0.23750396072864532, 0.23298215866088867, 0.2297976315021515, 0.22584165632724762, 0.222748801112175, 0.2202460914850235, 0.21797966957092285, 0.21550583839416504, 0.213295117020607, 0.21123188734054565, 0.20970387756824493, 0.20796051621437073, 0.20688478648662567, 0.20506428182125092, 0.20435823500156403, 0.20261980593204498, 0.20202811062335968, 0.2011200487613678, 0.19960077106952667, 0.19890829920768738, 0.19838488101959229], "val_loss": [0.7058436274528503, 0.6946636438369751, 0.6945005059242249, 0.6937225461006165, 0.693915069103241, 0.6938251852989197, 0.6936770081520081, 0.6935056447982788, 0.6953316926956177, 0.6940479278564453, 0.6939073204994202, 0.6935163736343384, 0.6935689449310303, 0.6936579942703247, 0.6962754726409912, 0.6940310001373291, 0.6935123801231384, 0.6945196986198425, 0.6961840987205505, 0.6937318444252014, 0.6943496465682983, 0.6944594383239746, 0.6949755549430847, 0.6938662528991699, 0.6935771703720093, 0.6946536898612976, 0.6944951415061951, 0.6938436627388, 0.6935339570045471, 0.6936318874359131, 0.6935366988182068, 0.6934491991996765, 0.6944990754127502, 0.6954647302627563, 0.693525493144989, 0.6942287087440491, 0.6941232681274414, 0.6932067275047302, 0.6819348931312561, 0.6528840661048889, 0.5843251943588257, 0.5162885785102844, 0.45116811990737915, 0.39119014143943787, 0.3502019941806793, 0.3226917088031769, 0.30339303612709045, 0.2895824611186981, 0.2785791754722595, 0.26869189739227295, 0.2621929347515106, 0.25457054376602173, 0.24877014756202698, 0.24513381719589233, 0.23965266346931458, 0.2368379384279251, 0.23556767404079437, 0.22866657376289368, 0.22793586552143097, 0.22333092987537384, 0.22287297248840332, 0.2198888659477234, 0.21683269739151, 0.2149561494588852, 0.21516108512878418, 0.21435685455799103, 0.21184010803699493, 0.20913119614124298, 0.2096673548221588, 0.20675688982009888, 0.20659399032592773, 0.2073165774345398, 0.20511597394943237, 0.2059515416622162, 0.20407451689243317]}