{"loss": [1.6171629428863525, 0.647614061832428, 0.5234622359275818, 0.385689377784729, 0.28204473853111267, 0.21791940927505493, 0.1811756044626236, 0.15780286490917206, 0.1426992267370224, 0.1326342225074768, 0.12442050874233246, 0.11835583299398422, 0.11428362876176834, 0.11093542724847794, 0.10940323770046234, 0.1057727038860321, 0.10365452617406845, 0.10209134221076965, 0.10051300376653671, 0.09904484450817108, 0.09754329174757004, 0.09708182513713837, 0.09526199847459793, 0.09476151317358017, 0.09466444700956345, 0.09470256417989731, 0.09406351298093796, 0.09269197285175323, 0.09206248074769974, 0.09223511070013046, 0.09178691357374191, 0.09111300855875015, 0.09084701538085938, 0.08929803967475891, 0.0890900120139122, 0.0892065018415451, 0.08729969710111618, 0.08884328603744507, 0.0882861539721489, 0.08772549778223038, 0.08826842904090881, 0.08779680728912354, 0.08715835213661194, 0.08916229009628296, 0.08697515726089478, 0.08667600154876709, 0.08587797731161118, 0.08598078042268753, 0.08584316819906235, 0.08504302054643631, 0.08523198217153549, 0.08507441729307175, 0.08566603064537048, 0.08532773703336716, 0.0853971615433693, 0.08580535650253296, 0.08471747487783432, 0.08477918058633804, 0.0849609300494194, 0.08479689061641693, 0.08360086381435394, 0.08444750308990479, 0.08396048843860626, 0.0840858444571495, 0.08297774195671082, 0.08453801274299622, 0.08324494957923889, 0.08331678062677383, 0.08396875858306885, 0.0833764597773552, 0.08408180624246597, 0.08184536546468735, 0.08323491364717484, 0.0826960951089859, 0.08250068873167038], "val_loss": [0.6854602694511414, 0.5936505794525146, 0.4496772587299347, 0.3249850869178772, 0.24622148275375366, 0.19351500272750854, 0.16476044058799744, 0.14985807240009308, 0.13431431353092194, 0.12589098513126373, 0.12016332149505615, 0.11442223191261292, 0.11049670726060867, 0.1066376343369484, 0.10393819212913513, 0.10462784767150879, 0.10031287372112274, 0.09899653494358063, 0.09823546558618546, 0.09509246051311493, 0.10220932960510254, 0.0925372838973999, 0.10406883805990219, 0.09267974644899368, 0.09551097452640533, 0.09090310335159302, 0.09258733689785004, 0.0898902490735054, 0.08977871388196945, 0.10060268640518188, 0.08774730563163757, 0.10136239975690842, 0.08940625935792923, 0.09400314837694168, 0.08604513853788376, 0.08771905303001404, 0.08748845010995865, 0.0909976214170456, 0.08462300151586533, 0.08566109091043472, 0.08532323688268661, 0.09310746937990189, 0.08450053632259369, 0.08407062292098999, 0.08388017117977142, 0.08943971246480942, 0.08427147567272186, 0.08747680485248566, 0.0826101005077362, 0.08267753571271896, 0.09006788581609726, 0.085145004093647, 0.0858817771077156, 0.10024747252464294, 0.08153107017278671, 0.08604227006435394, 0.08418888598680496, 0.08555442839860916, 0.08746720105409622, 0.08118843287229538, 0.08458738774061203, 0.08055829256772995, 0.08644413203001022, 0.0852162092924118, 0.0812697634100914, 0.0851314440369606, 0.08556942641735077, 0.09047608822584152, 0.08156134188175201, 0.08489564806222916, 0.08018320053815842, 0.07935374975204468, 0.07942011207342148, 0.0792832300066948, 0.08891338855028152]}