{"loss": [1.4020779132843018, 0.5051701664924622, 0.26855024695396423, 0.16377146542072296, 0.12217502295970917, 0.102286696434021, 0.09250044077634811, 0.08432929217815399, 0.07887756079435349, 0.0745730847120285, 0.0743088349699974, 0.07081244885921478, 0.07050064206123352, 0.07006925344467163, 0.06791823357343674, 0.0656685084104538, 0.06681950390338898, 0.06468384712934494, 0.06292415410280228, 0.06329815834760666, 0.06144774705171585, 0.06212560459971428, 0.06176737695932388, 0.06203931197524071, 0.060967445373535156, 0.05983874946832657, 0.058720000088214874, 0.06230645626783371, 0.058505430817604065, 0.060610681772232056, 0.062364306300878525, 0.06292044371366501, 0.0589851438999176, 0.06022552028298378, 0.058366559445858, 0.057020898908376694, 0.058116666972637177, 0.05890430882573128, 0.05922636017203331, 0.058009881526231766, 0.056879907846450806, 0.05900897830724716, 0.05791378766298294, 0.05683568865060806, 0.05781792476773262, 0.055772412568330765, 0.05673763528466225, 0.05486009642481804, 0.054843634366989136, 0.054043110460042953, 0.05557067692279816, 0.055579643696546555, 0.05821290984749794, 0.05465810000896454, 0.05574076995253563, 0.05443140119314194, 0.05391286686062813, 0.06021388620138168, 0.05352446809411049, 0.05330188572406769, 0.0536259226500988, 0.05480315536260605, 0.05461210384964943, 0.05305822193622589, 0.05293631553649902, 0.054048340767621994, 0.05285065248608589, 0.052707329392433167, 0.05285900831222534, 0.05432562157511711, 0.05279187113046646, 0.05217912420630455, 0.05390587076544762, 0.0546114519238472, 0.052541814744472504], "val_loss": [0.6306430101394653, 0.3666664659976959, 0.19842170178890228, 0.13699522614479065, 0.10786139219999313, 0.1065295934677124, 0.0844603106379509, 0.08760933578014374, 0.07688407599925995, 0.06978679448366165, 0.07316276431083679, 0.06500964611768723, 0.07687709480524063, 0.06390723586082458, 0.07164853066205978, 0.05888916552066803, 0.05896037071943283, 0.06693179905414581, 0.06003823131322861, 0.07375098764896393, 0.060374364256858826, 0.06341125816106796, 0.06390096247196198, 0.055835168808698654, 0.05510484054684639, 0.05342572182416916, 0.05238080397248268, 0.052724726498126984, 0.06192599982023239, 0.07496678084135056, 0.05290460214018822, 0.13449446856975555, 0.09574618935585022, 0.05443773791193962, 0.05157974362373352, 0.05105751007795334, 0.04947126656770706, 0.06319063156843185, 0.04970197007060051, 0.050572752952575684, 0.04984714090824127, 0.05105171725153923, 0.07638105750083923, 0.051538173109292984, 0.06268350034952164, 0.05921013280749321, 0.0544954352080822, 0.05142296105623245, 0.0494137778878212, 0.06789528578519821, 0.05877017229795456, 0.0659341961145401, 0.05487352982163429, 0.07023804634809494, 0.047648247331380844, 0.04618066921830177, 0.05257977917790413, 0.04835716634988785, 0.04853684455156326, 0.05099746212363243, 0.05343243479728699, 0.05302204564213753, 0.04794967174530029, 0.05272671952843666, 0.051745835691690445, 0.05017116293311119, 0.04955650493502617, 0.051163218915462494, 0.05118114873766899, 0.06355392187833786, 0.04918134585022926, 0.05280762165784836, 0.045363686978816986, 0.04684075713157654, 0.060489002615213394]}