{"loss": [1.2629064321517944, 0.5023602247238159, 0.24888648092746735, 0.13727930188179016, 0.0968969464302063, 0.07961447536945343, 0.06866429001092911, 0.06198374181985855, 0.059250105172395706, 0.05802548676729202, 0.052761223167181015, 0.050880808383226395, 0.04913567379117012, 0.050601717084646225, 0.04962626472115517, 0.04773913696408272, 0.04886656999588013, 0.05277826637029648, 0.04383610934019089, 0.04933778569102287, 0.04714059457182884, 0.04693668335676193, 0.04360164329409599, 0.04578360170125961, 0.04466903209686279, 0.0469592846930027, 0.045208707451820374, 0.04245082288980484, 0.04337615147233009, 0.04446582868695259, 0.0442836694419384, 0.04195085167884827, 0.04187691584229469, 0.04175388813018799, 0.04658890143036842, 0.04490586370229721, 0.04519503563642502, 0.042268432676792145, 0.0430540069937706, 0.04002941772341728, 0.04131033644080162, 0.04143119603395462, 0.041806697845458984, 0.04355207085609436, 0.04973204433917999, 0.039169371128082275, 0.04073681682348251, 0.0446990467607975, 0.04322436451911926, 0.04170927032828331, 0.04286075383424759, 0.04129115119576454, 0.04066811874508858, 0.04244450107216835, 0.040135033428668976, 0.03915058448910713, 0.04192575812339783, 0.03806693106889725, 0.040735065937042236, 0.04213099181652069, 0.04354207590222359, 0.03863934800028801, 0.038575801998376846, 0.04189386963844299, 0.03796100988984108, 0.03972318768501282, 0.03975639119744301, 0.04039128124713898, 0.04363176226615906, 0.03774632140994072, 0.03812368959188461, 0.03969377651810646, 0.041244540363550186, 0.06922606378793716, 0.03726865351200104], "val_loss": [0.6295192241668701, 0.35499143600463867, 0.17265956103801727, 0.1096479594707489, 0.08577080070972443, 0.0724698156118393, 0.06811102479696274, 0.06477366387844086, 0.057218413800001144, 0.04889289289712906, 0.050020333379507065, 0.04424932226538658, 0.053053807467222214, 0.047891806811094284, 0.04462873190641403, 0.047168441116809845, 0.050166256725788116, 0.04032212868332863, 0.05122535303235054, 0.05215514078736305, 0.05429254099726677, 0.03793012723326683, 0.05459435284137726, 0.03734550625085831, 0.041602712124586105, 0.03907104954123497, 0.0432807020843029, 0.04141183942556381, 0.042033806443214417, 0.07380671799182892, 0.03934624791145325, 0.03958219289779663, 0.0380648635327816, 0.0831151157617569, 0.040847938507795334, 0.05113666504621506, 0.03964099660515785, 0.06092363968491554, 0.036414895206689835, 0.03913533315062523, 0.03869155794382095, 0.04812469333410263, 0.03756481036543846, 0.05244113877415657, 0.045968350023031235, 0.039930664002895355, 0.03934254124760628, 0.03664593771100044, 0.035599350929260254, 0.03585433587431908, 0.038364510983228683, 0.05823741480708122, 0.03919907659292221, 0.03966673091053963, 0.04106878489255905, 0.03753581643104553, 0.03914995864033699, 0.036561571061611176, 0.04504504054784775, 0.0349637009203434, 0.032852500677108765, 0.039870113134384155, 0.03502054885029793, 0.04614901542663574, 0.039086394011974335, 0.034897755831480026, 0.03719330579042435, 0.045544419437646866, 0.0354989618062973, 0.03154204040765762, 0.04192879796028137, 0.03839873895049095, 0.048777591437101364, 0.03342612460255623, 0.04209902882575989]}