{"loss": [1.0683369636535645, 0.31328457593917847, 0.115931436419487, 0.07672097533941269, 0.06969761103391647, 0.06264247745275497, 0.06990295648574829, 0.06324208527803421, 0.05330228433012962, 0.05888660252094269, 0.0729367658495903, 0.06024555489420891, 0.08092555403709412, 0.05351248010993004, 0.15111300349235535, 0.04890051856637001, 0.0631328821182251, 0.04332900047302246, 0.05712529271841049, 0.09861680865287781, 0.04810186102986336, 0.04169665649533272, 0.062325797975063324, 0.05675455927848816, 0.09330406785011292, 0.044722456485033035, 0.07436416298151016, 0.06172318011522293, 0.04306779056787491, 0.09824629873037338, 0.04885892570018768, 0.047580283135175705, 0.05574706569314003, 0.0573069229722023, 0.07933216542005539, 0.043216273188591, 0.061796270310878754, 0.04814257472753525, 0.08344513922929764, 0.0437077097594738, 0.12583251297473907, 0.04745182767510414, 0.04126865789294243, 0.057379912585020065, 0.052627746015787125, 0.05691753700375557, 0.0671323761343956, 0.03855721279978752, 0.05916633456945419, 0.07792862504720688, 0.04097994789481163, 0.04126903787255287, 0.1221434473991394, 0.04367535561323166, 0.04137089475989342, 0.07106529176235199, 0.07977064698934555, 0.0534258671104908, 0.039520468562841415, 0.06561262160539627, 0.03903743997216225, 0.040231186896562576, 0.06465126574039459, 0.049039460718631744, 0.055559806525707245, 0.07565709948539734, 0.04297243803739548, 0.054205674678087234, 0.06306903809309006, 0.03398868069052696, 0.0712633728981018, 0.045083001255989075, 0.06469497829675674, 0.049569111317396164, 0.04229601472616196], "val_loss": [0.5101048350334167, 0.16532646119594574, 0.08571700751781464, 0.07167109102010727, 0.10921791940927505, 0.058951348066329956, 0.05300609767436981, 0.060356054455041885, 0.05025158450007439, 0.045591652393341064, 0.052458398044109344, 0.04229963198304176, 0.047608181834220886, 0.03770332410931587, 0.04502326250076294, 0.038758937269449234, 0.04752909019589424, 0.053952302783727646, 0.04606090858578682, 0.21468381583690643, 0.0619829036295414, 0.03881343454122543, 0.03369439020752907, 0.0496114045381546, 0.04260566085577011, 0.03804173693060875, 0.04122826084494591, 0.07987566292285919, 0.041271910071372986, 0.06420446187257767, 0.07752452790737152, 0.03780181705951691, 0.04208093881607056, 0.04141940921545029, 0.04383731260895729, 0.04048118740320206, 0.03540189564228058, 0.07108693569898605, 0.05589188262820244, 0.04150526598095894, 0.1272388994693756, 0.04058658704161644, 0.03345400467514992, 0.1564226895570755, 0.03361324965953827, 0.038514964282512665, 0.047560982406139374, 0.06709374487400055, 0.04909007251262665, 0.03676879033446312, 0.03556697815656662, 0.03540145233273506, 0.0408356674015522, 0.0600687675178051, 0.043595802038908005, 0.04212602972984314, 0.03700055927038193, 0.03642893582582474, 0.04282394424080849, 0.06228432431817055, 0.04407552257180214, 0.049115248024463654, 0.1496032178401947, 0.06930571794509888, 0.033550940454006195, 0.043558914214372635, 0.03490772843360901, 0.03342534974217415, 0.04213672876358032, 0.03559855744242668, 0.05465314909815788, 0.05917332321405411, 0.03724302724003792, 0.03384636715054512, 0.049957551062107086]}