{"loss": [0.6238554120063782, 0.3345690071582794, 0.2337447553873062, 0.21006500720977783, 0.2019754946231842, 0.19761356711387634, 0.1951667219400406, 0.19186259806156158, 0.18889865279197693, 0.1863207072019577, 0.1841212809085846, 0.1823568493127823, 0.18028344213962555, 0.17913004755973816, 0.1775563508272171, 0.1770898699760437, 0.17516517639160156, 0.17425964772701263, 0.1738819181919098, 0.1733427345752716, 0.1727329045534134, 0.17225846648216248, 0.17109166085720062, 0.17102181911468506, 0.1700410097837448, 0.17009267210960388, 0.16960304975509644, 0.16869044303894043, 0.1683439165353775, 0.16935472190380096, 0.16819964349269867, 0.16806954145431519, 0.1686912178993225, 0.16743378341197968, 0.16725780069828033, 0.16710138320922852, 0.16312605142593384, 0.16273511946201324, 0.16258135437965393, 0.16259072721004486, 0.16263489425182343, 0.16237463057041168, 0.16240334510803223, 0.16222728788852692, 0.16195756196975708, 0.1623077243566513, 0.1622135192155838, 0.16204385459423065, 0.16108211874961853, 0.16102631390094757, 0.16103072464466095, 0.1610305905342102, 0.16097693145275116, 0.16102539002895355, 0.1610158234834671, 0.1609533727169037, 0.16094975173473358, 0.16092845797538757, 0.16086465120315552, 0.1606728732585907, 0.16071251034736633, 0.16068342328071594, 0.16069824993610382, 0.16068193316459656, 0.16067905724048615, 0.1606779247522354, 0.1606789231300354, 0.16063453257083893, 0.1606312394142151, 0.16062812507152557, 0.16062724590301514, 0.16062864661216736, 0.160631462931633, 0.1606280505657196, 0.1606258600950241, 0.16061928868293762, 0.16061948239803314, 0.1606200933456421, 0.1606186330318451, 0.16061919927597046], "val_loss": [0.46481776237487793, 0.2552488148212433, 0.21562500298023224, 0.20320828258991241, 0.1933615803718567, 0.1888449341058731, 0.1872626543045044, 0.182878777384758, 0.18244317173957825, 0.18852658569812775, 0.17598220705986023, 0.17484675347805023, 0.17741456627845764, 0.17840345203876495, 0.17669200897216797, 0.17087019979953766, 0.17621120810508728, 0.16993972659111023, 0.17016972601413727, 0.1680327206850052, 0.17598649859428406, 0.17027020454406738, 0.16879305243492126, 0.16641737520694733, 0.16616156697273254, 0.16663776338100433, 0.16970479488372803, 0.16584180295467377, 0.16595570743083954, 0.1721266508102417, 0.16775940358638763, 0.16582877933979034, 0.16638493537902832, 0.17658671736717224, 0.16735604405403137, 0.1697324961423874, 0.16592729091644287, 0.16565310955047607, 0.16534669697284698, 0.16497503221035004, 0.16579462587833405, 0.16603125631809235, 0.1649099439382553, 0.1649085432291031, 0.16649381816387177, 0.166466623544693, 0.16673064231872559, 0.16528573632240295, 0.165605366230011, 0.16488714516162872, 0.16479910910129547, 0.16498978435993195, 0.16488882899284363, 0.164913147687912, 0.16488075256347656, 0.16480976343154907, 0.16503547132015228, 0.16497525572776794, 0.1648477464914322, 0.16504895687103271, 0.16473405063152313, 0.1647595316171646, 0.16473650932312012, 0.164983868598938, 0.16472509503364563, 0.16481594741344452, 0.16480737924575806, 0.16481056809425354, 0.16484546661376953, 0.16482974588871002, 0.1648290902376175, 0.16481426358222961, 0.16482655704021454, 0.16482582688331604, 0.16484178602695465, 0.16483719646930695, 0.1648372858762741, 0.16483601927757263, 0.16484364867210388, 0.16484275460243225], "learning_rate": [0.0010000000474974513, 0.0010000000474974513, 0.0010000000474974513, 0.0010000000474974513, 0.0010000000474974513, 0.0010000000474974513, 0.0010000000474974513, 0.0010000000474974513, 0.0010000000474974513, 0.0010000000474974513, 0.0010000000474974513, 0.0010000000474974513, 0.0010000000474974513, 0.0010000000474974513, 0.0010000000474974513, 0.0010000000474974513, 0.0010000000474974513, 0.0010000000474974513, 0.0010000000474974513, 0.0010000000474974513, 0.0010000000474974513, 0.0010000000474974513, 0.0010000000474974513, 0.0010000000474974513, 0.0010000000474974513, 0.0010000000474974513, 0.0010000000474974513, 0.0010000000474974513, 0.0010000000474974513, 0.0010000000474974513, 0.0010000000474974513, 0.0010000000474974513, 0.0010000000474974513, 0.0010000000474974513, 0.0010000000474974513, 0.0010000000474974513, 0.00020000000949949026, 0.00020000000949949026, 0.00020000000949949026, 0.00020000000949949026, 0.00020000000949949026, 0.00020000000949949026, 0.00020000000949949026, 0.00020000000949949026, 0.00020000000949949026, 0.00020000000949949026, 0.00020000000949949026, 0.00020000000949949026, 4.0000002627493814e-05, 4.0000002627493814e-05, 4.0000002627493814e-05, 4.0000002627493814e-05, 4.0000002627493814e-05, 4.0000002627493814e-05, 4.0000002627493814e-05, 4.0000002627493814e-05, 4.0000002627493814e-05, 4.0000002627493814e-05, 4.0000002627493814e-05, 8.000000889296643e-06, 8.000000889296643e-06, 8.000000889296643e-06, 8.000000889296643e-06, 8.000000889296643e-06, 8.000000889296643e-06, 8.000000889296643e-06, 8.000000889296643e-06, 1.6000001323845936e-06, 1.6000001323845936e-06, 1.6000001323845936e-06, 1.6000001323845936e-06, 1.6000001323845936e-06, 1.6000001323845936e-06, 1.6000001323845936e-06, 1.6000001323845936e-06, 9.999999974752427e-07, 9.999999974752427e-07, 9.999999974752427e-07, 9.999999974752427e-07, 9.999999974752427e-07]}