{"loss": [0.572299599647522, 0.19625185430049896, 0.12110892683267593, 0.10662748664617538, 0.10002259165048599, 0.09457747638225555, 0.08964710682630539, 0.08617857843637466, 0.08532322198152542, 0.08147843182086945, 0.07911130040884018, 0.07801661640405655, 0.07581513375043869, 0.07559820264577866, 0.07401157915592194, 0.071497842669487, 0.07151681184768677, 0.07057792693376541, 0.06918396055698395, 0.06901457160711288, 0.06823769211769104, 0.06715339422225952, 0.05891771987080574, 0.058144379407167435, 0.05789542943239212, 0.057347338646650314, 0.057017937302589417, 0.056910496205091476, 0.056570544838905334], "val_loss": [0.32456836104393005, 0.13642655313014984, 0.11193019896745682, 0.10765817016363144, 0.10235150158405304, 0.10386539250612259, 0.09730026125907898, 0.11053185909986496, 0.0993686243891716, 0.09559997171163559, 0.09530144929885864, 0.09458761662244797, 0.09436124563217163, 0.09390849620103836, 0.09799336642026901, 0.10585783421993256, 0.09598956257104874, 0.09911944717168808, 0.09811882674694061, 0.1026221290230751, 0.1026167944073677, 0.10103661566972733, 0.0971454605460167, 0.09626225382089615, 0.09615989029407501, 0.09568862617015839, 0.09623363614082336, 0.09652587026357651, 0.09654352068901062], "learning_rate": [0.0010000000474974513, 0.0010000000474974513, 0.0010000000474974513, 0.0010000000474974513, 0.0010000000474974513, 0.0010000000474974513, 0.0010000000474974513, 0.0010000000474974513, 0.0010000000474974513, 0.0010000000474974513, 0.0010000000474974513, 0.0010000000474974513, 0.0010000000474974513, 0.0010000000474974513, 0.0010000000474974513, 0.0010000000474974513, 0.0010000000474974513, 0.0010000000474974513, 0.0010000000474974513, 0.0010000000474974513, 0.0010000000474974513, 0.0010000000474974513, 0.00020000000949949026, 0.00020000000949949026, 0.00020000000949949026, 0.00020000000949949026, 0.00020000000949949026, 0.00020000000949949026, 0.00020000000949949026]}