{"loss": [0.52933669090271, 0.1423010677099228, 0.08652882277965546, 0.07274268567562103, 0.06349695473909378, 0.05761600285768509, 0.054321032017469406, 0.05072658509016037, 0.04736106097698212, 0.04697425290942192, 0.043192289769649506, 0.042268622666597366, 0.042501673102378845, 0.040050968527793884, 0.04054698348045349, 0.03128751367330551, 0.02913273684680462, 0.028418198227882385, 0.027822967618703842, 0.027146676555275917, 0.02693674899637699, 0.026500653475522995], "val_loss": [0.24209922552108765, 0.09324639290571213, 0.07530313730239868, 0.0703708752989769, 0.06594880670309067, 0.06513465195894241, 0.06432102620601654, 0.07756839692592621, 0.06954573839902878, 0.08878200501203537, 0.08245193213224411, 0.07218438386917114, 0.0763031616806984, 0.07578872889280319, 0.08033767342567444, 0.0683901458978653, 0.06878282129764557, 0.06715741753578186, 0.06813067942857742, 0.0678994283080101, 0.06912274658679962, 0.06577004492282867], "learning_rate": [0.0010000000474974513, 0.0010000000474974513, 0.0010000000474974513, 0.0010000000474974513, 0.0010000000474974513, 0.0010000000474974513, 0.0010000000474974513, 0.0010000000474974513, 0.0010000000474974513, 0.0010000000474974513, 0.0010000000474974513, 0.0010000000474974513, 0.0010000000474974513, 0.0010000000474974513, 0.0010000000474974513, 0.00020000000949949026, 0.00020000000949949026, 0.00020000000949949026, 0.00020000000949949026, 0.00020000000949949026, 0.00020000000949949026, 0.00020000000949949026]}