{"loss": [0.5599721074104309, 0.1382192075252533, 0.07339689880609512, 0.059337884187698364, 0.050009869039058685, 0.04252789169549942, 0.03939779847860336, 0.0349845327436924, 0.03374934196472168, 0.031830668449401855, 0.03295759856700897, 0.030254367738962173, 0.02875904180109501, 0.03071563132107258, 0.022152071818709373, 0.01886223815381527, 0.017122581601142883, 0.01622062921524048, 0.015385023318231106, 0.014650321565568447, 0.014404719695448875, 0.014045476913452148, 0.013566119596362114, 0.013290593400597572, 0.012891062535345554, 0.012848258949816227, 0.012250015512108803, 0.012281534262001514, 0.012039273977279663, 0.011856811121106148, 0.011776835657656193, 0.01151982694864273, 0.011675815097987652, 0.011196750216186047, 0.011233082041144371, 0.011015007272362709, 0.010900630615651608, 0.010904375463724136, 0.010685200802981853, 0.009473113343119621, 0.009133345447480679, 0.009029537439346313, 0.008911004289984703, 0.00889644306153059, 0.008811455219984055, 0.008752618916332722], "val_loss": [0.28103214502334595, 0.08042591065168381, 0.06411120295524597, 0.09340406209230423, 0.059003397822380066, 0.055897437036037445, 0.0714375302195549, 0.06086638197302818, 0.05795376002788544, 0.06142488867044449, 0.06500699371099472, 0.06512508541345596, 0.061530180275440216, 0.06603526324033737, 0.06199862062931061, 0.05982182174921036, 0.06002792343497276, 0.057330213487148285, 0.05587517097592354, 0.05812254175543785, 0.05513112246990204, 0.06410039961338043, 0.05451950803399086, 0.05402873456478119, 0.054383277893066406, 0.05533052980899811, 0.05550706759095192, 0.054560497403144836, 0.05475447326898575, 0.057638395577669144, 0.05327315628528595, 0.05483910068869591, 0.05790248513221741, 0.05608788877725601, 0.05661141872406006, 0.05907687544822693, 0.05605791509151459, 0.05532990023493767, 0.05667956545948982, 0.05557376146316528, 0.05542124807834625, 0.05561250448226929, 0.05466771870851517, 0.054858848452568054, 0.05478247255086899, 0.05502712354063988], "learning_rate": [0.0010000000474974513, 0.0010000000474974513, 0.0010000000474974513, 0.0010000000474974513, 0.0010000000474974513, 0.0010000000474974513, 0.0010000000474974513, 0.0010000000474974513, 0.0010000000474974513, 0.0010000000474974513, 0.0010000000474974513, 0.0010000000474974513, 0.0010000000474974513, 0.0010000000474974513, 0.00020000000949949026, 0.00020000000949949026, 0.00020000000949949026, 0.00020000000949949026, 0.00020000000949949026, 0.00020000000949949026, 0.00020000000949949026, 0.00020000000949949026, 0.00020000000949949026, 0.00020000000949949026, 0.00020000000949949026, 0.00020000000949949026, 0.00020000000949949026, 0.00020000000949949026, 0.00020000000949949026, 0.00020000000949949026, 0.00020000000949949026, 0.00020000000949949026, 0.00020000000949949026, 0.00020000000949949026, 0.00020000000949949026, 0.00020000000949949026, 0.00020000000949949026, 0.00020000000949949026, 0.00020000000949949026, 4.0000002627493814e-05, 4.0000002627493814e-05, 4.0000002627493814e-05, 4.0000002627493814e-05, 4.0000002627493814e-05, 4.0000002627493814e-05, 4.0000002627493814e-05]}