{"loss": [0.6055527329444885, 0.2134549766778946, 0.06977780908346176, 0.049120381474494934, 0.04046862944960594, 0.03380560129880905, 0.030849099159240723, 0.030539773404598236, 0.03083377331495285, 0.030008438974618912, 0.030514180660247803, 0.03233848884701729, 0.03451944887638092, 0.03166736289858818, 0.03119642287492752, 0.024472614750266075, 0.018317043781280518, 0.014687738381326199, 0.011886052787303925, 0.010047092102468014, 0.009622100740671158, 0.008464595302939415, 0.007822142913937569, 0.007517541293054819, 0.006967558059841394, 0.007117677945643663, 0.006675334181636572, 0.0064918571151793, 0.006124573759734631, 0.005898576229810715, 0.0064173354767262936, 0.0061917672865092754, 0.006868317257612944, 0.006327094044536352, 0.005119205918163061, 0.004704129416495562, 0.004449061118066311, 0.004223504103720188, 0.004007383249700069, 0.0038427901454269886, 0.003690747544169426], "val_loss": [0.4183391034603119, 0.09647951275110245, 0.0687788650393486, 0.05406917259097099, 0.059596337378025055, 0.05392644554376602, 0.04904179647564888, 0.051279619336128235, 0.05424400046467781, 0.05599423125386238, 0.05908869579434395, 0.06251237541437149, 0.0567898191511631, 0.057401832193136215, 0.05583648756146431, 0.05000736564397812, 0.048335444182157516, 0.04622744768857956, 0.04224413260817528, 0.04179644212126732, 0.039335042238235474, 0.03822040185332298, 0.04056659713387489, 0.03951982781291008, 0.037417225539684296, 0.0348619781434536, 0.03839145973324776, 0.037336315959692, 0.037762437015771866, 0.03927413374185562, 0.039931200444698334, 0.037279870361089706, 0.03666698560118675, 0.039955832064151764, 0.03789650276303291, 0.03800729289650917, 0.03803742676973343, 0.03699764236807823, 0.03633173927664757, 0.035576581954956055, 0.035853415727615356], "learning_rate": [0.0010000000474974513, 0.0010000000474974513, 0.0010000000474974513, 0.0010000000474974513, 0.0010000000474974513, 0.0010000000474974513, 0.0010000000474974513, 0.0010000000474974513, 0.0010000000474974513, 0.0010000000474974513, 0.0010000000474974513, 0.0010000000474974513, 0.0010000000474974513, 0.0010000000474974513, 0.0010000000474974513, 0.00020000000949949026, 0.00020000000949949026, 0.00020000000949949026, 0.00020000000949949026, 0.00020000000949949026, 0.00020000000949949026, 0.00020000000949949026, 0.00020000000949949026, 0.00020000000949949026, 0.00020000000949949026, 0.00020000000949949026, 0.00020000000949949026, 0.00020000000949949026, 0.00020000000949949026, 0.00020000000949949026, 0.00020000000949949026, 0.00020000000949949026, 0.00020000000949949026, 0.00020000000949949026, 4.0000002627493814e-05, 4.0000002627493814e-05, 4.0000002627493814e-05, 4.0000002627493814e-05, 4.0000002627493814e-05, 4.0000002627493814e-05, 4.0000002627493814e-05]}