{"loss": [1.448439598083496, 0.9389179944992065, 0.5885624289512634, 0.4228934943675995, 0.3542684316635132, 0.3191263973712921, 0.29532909393310547, 0.2782943546772003, 0.2628374397754669, 0.25392019748687744, 0.24499358236789703, 0.23787638545036316, 0.2327740490436554, 0.22878006100654602, 0.22369955480098724, 0.2202845960855484, 0.21630504727363586, 0.21524377167224884, 0.21484217047691345, 0.21102294325828552, 0.20882558822631836, 0.2086087465286255, 0.20641733705997467, 0.20454905927181244, 0.20411381125450134, 0.2034243643283844, 0.2034396231174469, 0.20147332549095154, 0.20123682916164398, 0.20109796524047852, 0.20074939727783203, 0.2000950276851654, 0.19919078052043915, 0.19854435324668884, 0.19675679504871368, 0.19784781336784363, 0.19649964570999146, 0.19561444222927094, 0.1959041953086853, 0.19585838913917542, 0.1951136291027069, 0.19512078166007996, 0.19381561875343323, 0.19366540014743805, 0.19486719369888306, 0.19300173223018646, 0.1924085170030594, 0.19233936071395874, 0.19358709454536438, 0.19244539737701416, 0.19136008620262146, 0.19171658158302307, 0.1920911818742752, 0.19253502786159515, 0.19219307601451874, 0.19122357666492462, 0.19046281278133392, 0.18930794298648834, 0.18888215720653534, 0.1889735907316208, 0.1890871524810791, 0.18976253271102905, 0.18883943557739258, 0.18886585533618927, 0.18932375311851501, 0.18959783017635345, 0.18888039886951447, 0.18857064843177795, 0.18591076135635376, 0.18498288094997406, 0.18466152250766754, 0.18430501222610474, 0.18562893569469452, 0.18452982604503632, 0.18466846644878387, 0.18547840416431427, 0.18586105108261108, 0.18372485041618347, 0.1847054362297058, 0.18546250462532043, 0.18442517518997192, 0.18545623123645782, 0.1855441927909851, 0.1861899048089981, 0.1843096762895584, 0.18417055904865265, 0.1844106912612915, 0.184731587767601, 0.18346601724624634, 0.18391697108745575, 0.1843293160200119, 0.18427349627017975, 0.1842678040266037, 0.18389099836349487, 0.18364326655864716, 0.18370600044727325, 0.18398553133010864, 0.18316476047039032, 0.1837620735168457, 0.1833936870098114, 0.18404023349285126, 0.1837567239999771, 0.18355095386505127], "val_loss": [1.1532613039016724, 0.6687094569206238, 0.41378089785575867, 0.3237447440624237, 0.2874744236469269, 0.26240476965904236, 0.24759943783283234, 0.23474785685539246, 0.22320851683616638, 0.21591144800186157, 0.21473273634910583, 0.20616213977336884, 0.20030127465724945, 0.1987057328224182, 0.19257541000843048, 0.19147832691669464, 0.19041083753108978, 0.18632283806800842, 0.18724802136421204, 0.18593648076057434, 0.1821529120206833, 0.1819951981306076, 0.18024806678295135, 0.1816924810409546, 0.18305997550487518, 0.17902806401252747, 0.1795613020658493, 0.17928028106689453, 0.17966991662979126, 0.18226982653141022, 0.17588353157043457, 0.18014176189899445, 0.17641235888004303, 0.17763975262641907, 0.17576684057712555, 0.17500780522823334, 0.17500963807106018, 0.1777443140745163, 0.1756960153579712, 0.1765262484550476, 0.17470987141132355, 0.17456771433353424, 0.1759430319070816, 0.17971797287464142, 0.1768128126859665, 0.17487548291683197, 0.17557908594608307, 0.17430658638477325, 0.17471721768379211, 0.1748550534248352, 0.17379604279994965, 0.1780310869216919, 0.17954574525356293, 0.1767343431711197, 0.17311309278011322, 0.1748000532388687, 0.1744939088821411, 0.17518551647663116, 0.17311544716358185, 0.1726750284433365, 0.17315320670604706, 0.17499986290931702, 0.17416596412658691, 0.17431704699993134, 0.17450599372386932, 0.17307068407535553, 0.17297624051570892, 0.17635181546211243, 0.17254649102687836, 0.17233097553253174, 0.1726454645395279, 0.17269563674926758, 0.17228716611862183, 0.17263007164001465, 0.17216448485851288, 0.1724267303943634, 0.1720188856124878, 0.17276030778884888, 0.17263571918010712, 0.1721622496843338, 0.17248712480068207, 0.1723327487707138, 0.1736547201871872, 0.1736202836036682, 0.17205321788787842, 0.17208737134933472, 0.17226532101631165, 0.17196349799633026, 0.17227917909622192, 0.17226150631904602, 0.17206698656082153, 0.17219877243041992, 0.17225447297096252, 0.17206045985221863, 0.17203928530216217, 0.1721087396144867, 0.1721590757369995, 0.17204010486602783, 0.17211410403251648, 0.1720767468214035, 0.17205098271369934, 0.1720636636018753, 0.17209644615650177], "learning_rate": [0.0010000000474974513, 0.0010000000474974513, 0.0010000000474974513, 0.0010000000474974513, 0.0010000000474974513, 0.0010000000474974513, 0.0010000000474974513, 0.0010000000474974513, 0.0010000000474974513, 0.0010000000474974513, 0.0010000000474974513, 0.0010000000474974513, 0.0010000000474974513, 0.0010000000474974513, 0.0010000000474974513, 0.0010000000474974513, 0.0010000000474974513, 0.0010000000474974513, 0.0010000000474974513, 0.0010000000474974513, 0.0010000000474974513, 0.0010000000474974513, 0.0010000000474974513, 0.0010000000474974513, 0.0010000000474974513, 0.0010000000474974513, 0.0010000000474974513, 0.0010000000474974513, 0.0010000000474974513, 0.0010000000474974513, 0.0010000000474974513, 0.0010000000474974513, 0.0010000000474974513, 0.0010000000474974513, 0.0010000000474974513, 0.0010000000474974513, 0.0010000000474974513, 0.0010000000474974513, 0.0010000000474974513, 0.0010000000474974513, 0.0010000000474974513, 0.0010000000474974513, 0.0010000000474974513, 0.0010000000474974513, 0.0010000000474974513, 0.0010000000474974513, 0.0010000000474974513, 0.0010000000474974513, 0.0010000000474974513, 0.0010000000474974513, 0.0010000000474974513, 0.0010000000474974513, 0.0010000000474974513, 0.0010000000474974513, 0.0010000000474974513, 0.0010000000474974513, 0.0010000000474974513, 0.0010000000474974513, 0.0010000000474974513, 0.0010000000474974513, 0.0010000000474974513, 0.0010000000474974513, 0.0010000000474974513, 0.0010000000474974513, 0.0010000000474974513, 0.0010000000474974513, 0.0010000000474974513, 0.0010000000474974513, 0.00020000000949949026, 0.00020000000949949026, 0.00020000000949949026, 0.00020000000949949026, 0.00020000000949949026, 0.00020000000949949026, 0.00020000000949949026, 0.00020000000949949026, 0.00020000000949949026, 0.00020000000949949026, 0.00020000000949949026, 0.00020000000949949026, 0.00020000000949949026, 0.00020000000949949026, 0.00020000000949949026, 0.00020000000949949026, 0.00020000000949949026, 4.0000002627493814e-05, 4.0000002627493814e-05, 4.0000002627493814e-05, 4.0000002627493814e-05, 4.0000002627493814e-05, 4.0000002627493814e-05, 4.0000002627493814e-05, 4.0000002627493814e-05, 8.000000889296643e-06, 8.000000889296643e-06, 8.000000889296643e-06, 8.000000889296643e-06, 8.000000889296643e-06, 8.000000889296643e-06, 8.000000889296643e-06, 8.000000889296643e-06, 1.6000001323845936e-06, 1.6000001323845936e-06]}