{"loss": [0.6898302435874939, 0.5133905410766602, 0.36517664790153503, 0.30071723461151123, 0.26762518286705017, 0.25286802649497986, 0.24346181750297546, 0.23956868052482605, 0.2335565686225891, 0.23243269324302673, 0.22813300788402557, 0.22621123492717743, 0.22399377822875977, 0.2218094915151596, 0.2189064919948578, 0.21824614703655243, 0.21697700023651123, 0.21553842723369598, 0.21421286463737488, 0.21292798221111298, 0.21097306907176971, 0.20931276679039001, 0.20832626521587372, 0.2072620391845703, 0.20678985118865967, 0.20550300180912018, 0.2046559602022171, 0.20306755602359772, 0.20399267971515656, 0.20129600167274475, 0.20178908109664917, 0.20138485729694366, 0.1995299756526947, 0.19856144487857819, 0.1986577808856964, 0.19776183366775513, 0.19737635552883148, 0.1973067820072174, 0.19621199369430542, 0.19564054906368256, 0.19526013731956482, 0.1944524198770523, 0.19511976838111877, 0.19462279975414276, 0.19281688332557678, 0.19264689087867737, 0.19302840530872345, 0.19212469458580017, 0.19106581807136536, 0.1909230351448059, 0.19316881895065308, 0.19201980531215668, 0.19124272465705872, 0.1923680603504181, 0.19055655598640442, 0.19099213182926178, 0.1907481551170349, 0.19012607634067535, 0.19043000042438507, 0.18962019681930542, 0.18984800577163696, 0.1895255148410797, 0.18905553221702576, 0.18887963891029358, 0.18495766818523407, 0.18519851565361023, 0.185581237077713, 0.18406341969966888, 0.18465620279312134, 0.18573229014873505, 0.18570178747177124, 0.18560528755187988, 0.18584322929382324, 0.18547862768173218, 0.1848307102918625, 0.18496903777122498, 0.18497470021247864, 0.1841997355222702, 0.18543268740177155, 0.18452520668506622, 0.18445521593093872, 0.18340352177619934, 0.18391884863376617, 0.18495215475559235, 0.18523313105106354, 0.18447567522525787, 0.1851661652326584, 0.18479037284851074, 0.18452927470207214, 0.1835963875055313, 0.1840253472328186, 0.18367330729961395, 0.18396633863449097, 0.18558825552463531, 0.18372978270053864, 0.1836775541305542, 0.1829710453748703, 0.18343333899974823, 0.18328319489955902, 0.1831720769405365, 0.1831221580505371, 0.18285319209098816], "val_loss": [0.5965772867202759, 0.3577573299407959, 0.2563978135585785, 0.22263731062412262, 0.20760297775268555, 0.20668722689151764, 0.19989459216594696, 0.19960106909275055, 0.19704096019268036, 0.1948298066854477, 0.1945939064025879, 0.19359849393367767, 0.19422724843025208, 0.19172236323356628, 0.18869072198867798, 0.1912621110677719, 0.18893982470035553, 0.18964332342147827, 0.1853485405445099, 0.1849895864725113, 0.1893981397151947, 0.18518725037574768, 0.18181410431861877, 0.1806410849094391, 0.18221333622932434, 0.17964760959148407, 0.18067893385887146, 0.17852959036827087, 0.17857734858989716, 0.1770002245903015, 0.17734958231449127, 0.17560146749019623, 0.1749863177537918, 0.1745034009218216, 0.18106906116008759, 0.17461857199668884, 0.17600882053375244, 0.1755770742893219, 0.1761370301246643, 0.17354334890842438, 0.17460815608501434, 0.17635974287986755, 0.1750902682542801, 0.17296268045902252, 0.17585806548595428, 0.17475928366184235, 0.17678289115428925, 0.17280691862106323, 0.1718856245279312, 0.17452479898929596, 0.17315787076950073, 0.1718883514404297, 0.1741182804107666, 0.17535802721977234, 0.1713469922542572, 0.1710471659898758, 0.17828227579593658, 0.1714557409286499, 0.171977236866951, 0.17663206160068512, 0.17403055727481842, 0.1721436083316803, 0.17628547549247742, 0.17355182766914368, 0.1713026612997055, 0.17112001776695251, 0.17071768641471863, 0.17056423425674438, 0.17102237045764923, 0.17068961262702942, 0.17038097977638245, 0.17038743197917938, 0.1709301620721817, 0.17041602730751038, 0.1704055666923523, 0.17065681517124176, 0.17137618362903595, 0.17040319740772247, 0.17021328210830688, 0.17039598524570465, 0.17009015381336212, 0.17014986276626587, 0.17066088318824768, 0.17017138004302979, 0.17014296352863312, 0.17069096863269806, 0.16986730694770813, 0.169908806681633, 0.17060761153697968, 0.16991616785526276, 0.17093634605407715, 0.1711670607328415, 0.17040249705314636, 0.17118684947490692, 0.17019174993038177, 0.17009523510932922, 0.16996929049491882, 0.17017461359500885, 0.17061752080917358, 0.1704244762659073, 0.1699334979057312, 0.17004303634166718], "learning_rate": [0.0010000000474974513, 0.0010000000474974513, 0.0010000000474974513, 0.0010000000474974513, 0.0010000000474974513, 0.0010000000474974513, 0.0010000000474974513, 0.0010000000474974513, 0.0010000000474974513, 0.0010000000474974513, 0.0010000000474974513, 0.0010000000474974513, 0.0010000000474974513, 0.0010000000474974513, 0.0010000000474974513, 0.0010000000474974513, 0.0010000000474974513, 0.0010000000474974513, 0.0010000000474974513, 0.0010000000474974513, 0.0010000000474974513, 0.0010000000474974513, 0.0010000000474974513, 0.0010000000474974513, 0.0010000000474974513, 0.0010000000474974513, 0.0010000000474974513, 0.0010000000474974513, 0.0010000000474974513, 0.0010000000474974513, 0.0010000000474974513, 0.0010000000474974513, 0.0010000000474974513, 0.0010000000474974513, 0.0010000000474974513, 0.0010000000474974513, 0.0010000000474974513, 0.0010000000474974513, 0.0010000000474974513, 0.0010000000474974513, 0.0010000000474974513, 0.0010000000474974513, 0.0010000000474974513, 0.0010000000474974513, 0.0010000000474974513, 0.0010000000474974513, 0.0010000000474974513, 0.0010000000474974513, 0.0010000000474974513, 0.0010000000474974513, 0.0010000000474974513, 0.0010000000474974513, 0.0010000000474974513, 0.0010000000474974513, 0.0010000000474974513, 0.0010000000474974513, 0.0010000000474974513, 0.0010000000474974513, 0.0010000000474974513, 0.0010000000474974513, 0.0010000000474974513, 0.0010000000474974513, 0.0010000000474974513, 0.0010000000474974513, 0.00020000000949949026, 0.00020000000949949026, 0.00020000000949949026, 0.00020000000949949026, 0.00020000000949949026, 0.00020000000949949026, 0.00020000000949949026, 0.00020000000949949026, 0.00020000000949949026, 0.00020000000949949026, 0.00020000000949949026, 0.00020000000949949026, 0.00020000000949949026, 0.00020000000949949026, 0.00020000000949949026, 0.00020000000949949026, 0.00020000000949949026, 0.00020000000949949026, 0.00020000000949949026, 0.00020000000949949026, 0.00020000000949949026, 0.00020000000949949026, 0.00020000000949949026, 0.00020000000949949026, 0.00020000000949949026, 0.00020000000949949026, 0.00020000000949949026, 0.00020000000949949026, 0.00020000000949949026, 0.00020000000949949026, 0.00020000000949949026, 4.0000002627493814e-05, 4.0000002627493814e-05, 4.0000002627493814e-05, 4.0000002627493814e-05, 4.0000002627493814e-05, 4.0000002627493814e-05, 4.0000002627493814e-05]}