{"loss": [0.6839488744735718, 0.5499064922332764, 0.36321839690208435, 0.2680279016494751, 0.23171143233776093, 0.21614192426204681, 0.20895856618881226, 0.20542606711387634, 0.20183010399341583, 0.20004825294017792, 0.19889196753501892, 0.19677366316318512, 0.19496259093284607, 0.19329042732715607, 0.19099868834018707, 0.18971161544322968, 0.18793943524360657, 0.18638886511325836, 0.18526652455329895, 0.18433621525764465, 0.18219499289989471, 0.18104684352874756, 0.18048818409442902, 0.17952673137187958, 0.17821277678012848, 0.17780932784080505, 0.17651352286338806, 0.17631179094314575, 0.17553925514221191, 0.17501863837242126, 0.1744583547115326, 0.1736122965812683, 0.17252077162265778, 0.17199283838272095, 0.1727306991815567, 0.17133907973766327, 0.171110138297081, 0.17125120759010315, 0.1700429618358612, 0.17054009437561035, 0.16979782283306122, 0.16914023458957672, 0.16903568804264069, 0.16826771199703217, 0.16733182966709137, 0.1666213572025299, 0.16596044600009918, 0.1665809452533722, 0.1664406657218933, 0.1658289134502411, 0.16543038189411163, 0.16587349772453308, 0.16540998220443726, 0.16525490581989288, 0.16508224606513977, 0.16500048339366913, 0.16466733813285828, 0.16537079215049744, 0.16447027027606964, 0.16489362716674805, 0.16460594534873962, 0.16420242190361023, 0.16429665684700012, 0.16429364681243896, 0.16349533200263977, 0.16390414535999298, 0.16395200788974762, 0.16378194093704224, 0.1635180115699768, 0.16333061456680298, 0.16348735988140106, 0.16338013112545013, 0.1633877456188202, 0.16335736215114594, 0.16222581267356873, 0.16194337606430054, 0.16198012232780457, 0.16182374954223633, 0.16168169677257538, 0.16163921356201172, 0.1616300344467163, 0.16146071255207062, 0.1616530567407608, 0.16094738245010376, 0.16085956990718842, 0.1608452945947647, 0.16079796850681305, 0.16088353097438812, 0.16092953085899353, 0.1606471985578537, 0.16056035459041595, 0.16036000847816467, 0.16044054925441742, 0.1603735238313675, 0.16032439470291138, 0.16032083332538605, 0.1602293998003006, 0.16022373735904694, 0.16025607287883759, 0.16022458672523499], "val_loss": [0.6396218538284302, 0.44520488381385803, 0.2983936071395874, 0.24083498120307922, 0.21925166249275208, 0.20604218542575836, 0.2019476294517517, 0.19929993152618408, 0.19485512375831604, 0.19331084191799164, 0.191884845495224, 0.19070804119110107, 0.18907929956912994, 0.18961642682552338, 0.18459653854370117, 0.19526277482509613, 0.18208201229572296, 0.1811249554157257, 0.17927375435829163, 0.1779278963804245, 0.1765529066324234, 0.1770310252904892, 0.17485448718070984, 0.1742824912071228, 0.1742006540298462, 0.17468656599521637, 0.172793447971344, 0.17691129446029663, 0.17555280029773712, 0.17278997600078583, 0.17130547761917114, 0.1707909256219864, 0.17189358174800873, 0.17920039594173431, 0.17087888717651367, 0.1689666211605072, 0.1694035828113556, 0.1708253175020218, 0.17132049798965454, 0.16939933598041534, 0.16929873824119568, 0.17066466808319092, 0.1770372986793518, 0.17473402619361877, 0.16798032820224762, 0.16801717877388, 0.16719888150691986, 0.16844727098941803, 0.16737136244773865, 0.17011021077632904, 0.16768698394298553, 0.16851787269115448, 0.1671362817287445, 0.16748832166194916, 0.16707918047904968, 0.1676984429359436, 0.1673940122127533, 0.16875028610229492, 0.1709563285112381, 0.167307510972023, 0.16831786930561066, 0.16651158034801483, 0.1687702089548111, 0.16832783818244934, 0.16717195510864258, 0.16636134684085846, 0.16707076132297516, 0.16631872951984406, 0.17364653944969177, 0.1722521185874939, 0.16815859079360962, 0.16781629621982574, 0.1686522513628006, 0.16985367238521576, 0.16607016324996948, 0.16618922352790833, 0.16701476275920868, 0.1661679595708847, 0.1664690226316452, 0.1661476343870163, 0.16618721187114716, 0.16653279960155487, 0.16657038033008575, 0.16659383475780487, 0.1679554581642151, 0.16602717339992523, 0.16641609370708466, 0.16650736331939697, 0.16597311198711395, 0.16603337228298187, 0.1664140820503235, 0.16602090001106262, 0.16664211452007294, 0.16635899245738983, 0.16594353318214417, 0.16662877798080444, 0.1659652143716812, 0.16589070856571198, 0.16642768681049347, 0.1660812795162201], "learning_rate": [0.0010000000474974513, 0.0010000000474974513, 0.0010000000474974513, 0.0010000000474974513, 0.0010000000474974513, 0.0010000000474974513, 0.0010000000474974513, 0.0010000000474974513, 0.0010000000474974513, 0.0010000000474974513, 0.0010000000474974513, 0.0010000000474974513, 0.0010000000474974513, 0.0010000000474974513, 0.0010000000474974513, 0.0010000000474974513, 0.0010000000474974513, 0.0010000000474974513, 0.0010000000474974513, 0.0010000000474974513, 0.0010000000474974513, 0.0010000000474974513, 0.0010000000474974513, 0.0010000000474974513, 0.0010000000474974513, 0.0010000000474974513, 0.0010000000474974513, 0.0010000000474974513, 0.0010000000474974513, 0.0010000000474974513, 0.0010000000474974513, 0.0010000000474974513, 0.0010000000474974513, 0.0010000000474974513, 0.0010000000474974513, 0.0010000000474974513, 0.0010000000474974513, 0.0010000000474974513, 0.0010000000474974513, 0.0010000000474974513, 0.0010000000474974513, 0.0010000000474974513, 0.0010000000474974513, 0.0010000000474974513, 0.0005000000237487257, 0.0005000000237487257, 0.0005000000237487257, 0.0005000000237487257, 0.0005000000237487257, 0.0005000000237487257, 0.0005000000237487257, 0.0005000000237487257, 0.0005000000237487257, 0.0005000000237487257, 0.0005000000237487257, 0.0005000000237487257, 0.0005000000237487257, 0.0005000000237487257, 0.0005000000237487257, 0.0005000000237487257, 0.0005000000237487257, 0.0005000000237487257, 0.0005000000237487257, 0.0005000000237487257, 0.0005000000237487257, 0.0005000000237487257, 0.0005000000237487257, 0.0005000000237487257, 0.0005000000237487257, 0.0005000000237487257, 0.0005000000237487257, 0.0005000000237487257, 0.0005000000237487257, 0.0005000000237487257, 0.0002500000118743628, 0.0002500000118743628, 0.0002500000118743628, 0.0002500000118743628, 0.0002500000118743628, 0.0002500000118743628, 0.0002500000118743628, 0.0002500000118743628, 0.0002500000118743628, 0.0001250000059371814, 0.0001250000059371814, 0.0001250000059371814, 0.0001250000059371814, 0.0001250000059371814, 0.0001250000059371814, 0.0001250000059371814, 0.0001250000059371814, 6.25000029685907e-05, 6.25000029685907e-05, 6.25000029685907e-05, 6.25000029685907e-05, 6.25000029685907e-05, 6.25000029685907e-05, 6.25000029685907e-05, 6.25000029685907e-05, 6.25000029685907e-05]}