{"loss": [1.4754785299301147, 0.9471574425697327, 0.5895196199417114, 0.4281047284603119, 0.3585113286972046, 0.32094699144363403, 0.2982828617095947, 0.27916669845581055, 0.26513776183128357, 0.25208353996276855, 0.24490773677825928, 0.23655353486537933, 0.2321973443031311, 0.2257842719554901, 0.22163686156272888, 0.2199503630399704, 0.21798273921012878, 0.21466457843780518, 0.2122778594493866, 0.21233774721622467, 0.20989026129245758, 0.20681549608707428, 0.20623530447483063, 0.20644840598106384, 0.204312264919281, 0.20417705178260803, 0.20297130942344666, 0.20105639100074768, 0.200433149933815, 0.20067612826824188, 0.1995445042848587, 0.19808585941791534, 0.19909198582172394, 0.1982966959476471, 0.19750243425369263, 0.1967955380678177, 0.19630658626556396, 0.19507749378681183, 0.1958370804786682, 0.1950261890888214, 0.1948087513446808, 0.19367747008800507, 0.19447635114192963, 0.19385375082492828, 0.19387975335121155, 0.19271576404571533, 0.19333504140377045, 0.19218173623085022, 0.19237132370471954, 0.19100765883922577, 0.19246339797973633, 0.19138690829277039, 0.19158972799777985, 0.19087404012680054, 0.190999835729599, 0.19034677743911743, 0.1901470273733139, 0.18941693007946014, 0.19073893129825592, 0.18981437385082245, 0.18923689424991608, 0.1887945979833603, 0.18965302407741547, 0.1892814189195633, 0.18769580125808716, 0.18929733335971832, 0.18866118788719177, 0.18755516409873962, 0.18817965686321259, 0.18731684982776642, 0.1883171796798706, 0.18657168745994568, 0.1873534768819809, 0.18725831806659698, 0.18705688416957855, 0.18703652918338776, 0.18604892492294312, 0.18560762703418732, 0.18699347972869873, 0.18699496984481812], "val_loss": [1.1666847467422485, 0.674950361251831, 0.4230542480945587, 0.3339572548866272, 0.29343491792678833, 0.2685227394104004, 0.2509694993495941, 0.23820851743221283, 0.2299373298883438, 0.22110000252723694, 0.21393388509750366, 0.2072090357542038, 0.2018822729587555, 0.20005829632282257, 0.19813959300518036, 0.19180990755558014, 0.19098065793514252, 0.18917277455329895, 0.18750637769699097, 0.1895228624343872, 0.18509991466999054, 0.18652690947055817, 0.19099386036396027, 0.18126235902309418, 0.1826246976852417, 0.1880704015493393, 0.1801072061061859, 0.18035097420215607, 0.17808111011981964, 0.17785058915615082, 0.17832957208156586, 0.17906290292739868, 0.17780765891075134, 0.18018147349357605, 0.17714723944664001, 0.17605742812156677, 0.17671114206314087, 0.17795267701148987, 0.18413864076137543, 0.17608655989170074, 0.17585287988185883, 0.17606930434703827, 0.17599712312221527, 0.17703060805797577, 0.17475704848766327, 0.17528098821640015, 0.17766928672790527, 0.18105468153953552, 0.17605729401111603, 0.1749897450208664, 0.17533940076828003, 0.17706570029258728, 0.17510654032230377, 0.1762685477733612, 0.1758488118648529, 0.17677542567253113, 0.1751011461019516, 0.17473134398460388, 0.17449979484081268, 0.17949093878269196, 0.1752844601869583, 0.1741597056388855, 0.1744927018880844, 0.17436355352401733, 0.17391884326934814, 0.17709608376026154, 0.1758776754140854, 0.17515823245048523, 0.17624445259571075, 0.17517925798892975, 0.17567002773284912, 0.17405743896961212, 0.17747563123703003, 0.1748814880847931, 0.17381806671619415, 0.17469178140163422, 0.1746543049812317, 0.1755073070526123, 0.17690838873386383, 0.17476274073123932]}