{"loss": [3.5912461280822754, 2.0195858478546143, 1.1636971235275269, 0.6702615022659302, 0.43936648964881897, 0.3283691704273224, 0.25935617089271545, 0.21237492561340332, 0.18215395510196686, 0.15940837562084198, 0.14269444346427917, 0.13074582815170288, 0.12372048199176788, 0.11751298606395721, 0.11299726366996765, 0.10727524757385254, 0.10464511811733246, 0.1039322167634964, 0.09973707050085068, 0.0983220785856247, 0.09838858991861343, 0.09586063772439957, 0.09534484893083572, 0.09452279657125473, 0.0935656949877739, 0.0916287750005722, 0.09156081080436707, 0.09208915382623672, 0.0900145173072815, 0.08952496200799942, 0.08903323113918304, 0.08711086213588715, 0.08826474100351334, 0.08653232455253601, 0.08541963249444962, 0.08490774780511856, 0.07989750057458878, 0.07861053198575974, 0.07802265882492065, 0.0791221559047699, 0.07748132199048996, 0.07619201391935349, 0.07785440981388092], "val_loss": [2.6282541751861572, 1.4767705202102661, 0.8010183572769165, 0.4759919345378876, 0.3514128029346466, 0.26835110783576965, 0.2184409201145172, 0.18927966058254242, 0.1580880880355835, 0.14005382359027863, 0.12863799929618835, 0.12359905987977982, 0.11312472820281982, 0.11128833144903183, 0.10742636770009995, 0.10577551275491714, 0.10377215594053268, 0.10028094053268433, 0.10299991816282272, 0.10533788800239563, 0.10139600932598114, 0.09795378893613815, 0.10027143359184265, 0.098264679312706, 0.10596638172864914, 0.10059062391519547, 0.09811757504940033, 0.0966731384396553, 0.09774722903966904, 0.10652386397123337, 0.10787969082593918, 0.1002061739563942, 0.10282700508832932, 0.09846726059913635, 0.09934577345848083, 0.09878973662853241, 0.10019456595182419, 0.09816288948059082, 0.1006353348493576, 0.09721602499485016, 0.09671874344348907, 0.09881085902452469, 0.09774931520223618], "learning_rate": [0.0010000000474974513, 0.0010000000474974513, 0.0010000000474974513, 0.0010000000474974513, 0.0010000000474974513, 0.0010000000474974513, 0.0010000000474974513, 0.0010000000474974513, 0.0010000000474974513, 0.0010000000474974513, 0.0010000000474974513, 0.0010000000474974513, 0.0010000000474974513, 0.0010000000474974513, 0.0010000000474974513, 0.0010000000474974513, 0.0010000000474974513, 0.0010000000474974513, 0.0010000000474974513, 0.0010000000474974513, 0.0010000000474974513, 0.0010000000474974513, 0.0010000000474974513, 0.0010000000474974513, 0.0010000000474974513, 0.0010000000474974513, 0.0010000000474974513, 0.0010000000474974513, 0.0010000000474974513, 0.0010000000474974513, 0.0010000000474974513, 0.0010000000474974513, 0.0010000000474974513, 0.0010000000474974513, 0.0010000000474974513, 0.0010000000474974513, 0.00020000000949949026, 0.00020000000949949026, 0.00020000000949949026, 0.00020000000949949026, 0.00020000000949949026, 0.00020000000949949026, 0.00020000000949949026]}