{"loss": [0.6644782423973083, 0.40971630811691284, 0.19727951288223267, 0.13650350272655487, 0.116557277739048, 0.10755769163370132, 0.10132713615894318, 0.097876638174057, 0.09310077875852585, 0.09013936668634415, 0.08840107917785645, 0.08517568558454514, 0.08348836749792099, 0.08077937364578247, 0.07919111102819443, 0.07734927535057068, 0.07589194923639297, 0.07476221024990082, 0.07357082515954971, 0.07185718417167664, 0.07088372111320496, 0.07097965478897095, 0.06928734481334686, 0.06455052644014359, 0.06417005509138107, 0.06345067918300629, 0.06350918114185333, 0.06284258514642715, 0.06241154298186302, 0.06190374866127968, 0.06208483874797821, 0.06075044721364975, 0.06129986047744751, 0.05983930081129074, 0.05793128162622452, 0.05751470476388931, 0.05712559074163437, 0.05686194449663162, 0.0571572445333004, 0.05662067234516144, 0.05632099509239197], "val_loss": [0.5730669498443604, 0.2643343508243561, 0.1558440923690796, 0.12368336319923401, 0.11527017503976822, 0.11179158836603165, 0.10615468770265579, 0.10299430042505264, 0.1034340113401413, 0.1051197499036789, 0.09818771481513977, 0.10295971482992172, 0.0969618558883667, 0.09725864976644516, 0.09430483728647232, 0.09538784623146057, 0.09484022855758667, 0.09776367247104645, 0.09478750079870224, 0.09437683969736099, 0.09919030219316483, 0.09819641709327698, 0.09661135077476501, 0.09526042640209198, 0.09599729627370834, 0.09403368085622787, 0.09428530186414719, 0.0958615094423294, 0.09406909346580505, 0.09557431191205978, 0.09635297954082489, 0.09476210176944733, 0.10010440647602081, 0.09559234976768494, 0.09506028890609741, 0.09578730165958405, 0.09529206901788712, 0.0956830307841301, 0.09668726474046707, 0.0960254967212677, 0.09786827862262726], "learning_rate": [0.0010000000474974513, 0.0010000000474974513, 0.0010000000474974513, 0.0010000000474974513, 0.0010000000474974513, 0.0010000000474974513, 0.0010000000474974513, 0.0010000000474974513, 0.0010000000474974513, 0.0010000000474974513, 0.0010000000474974513, 0.0010000000474974513, 0.0010000000474974513, 0.0010000000474974513, 0.0010000000474974513, 0.0010000000474974513, 0.0010000000474974513, 0.0010000000474974513, 0.0010000000474974513, 0.0010000000474974513, 0.0010000000474974513, 0.0010000000474974513, 0.0010000000474974513, 0.0005000000237487257, 0.0005000000237487257, 0.0005000000237487257, 0.0005000000237487257, 0.0005000000237487257, 0.0005000000237487257, 0.0005000000237487257, 0.0005000000237487257, 0.0005000000237487257, 0.0005000000237487257, 0.0005000000237487257, 0.0002500000118743628, 0.0002500000118743628, 0.0002500000118743628, 0.0002500000118743628, 0.0002500000118743628, 0.0002500000118743628, 0.0002500000118743628]}