{"loss": [0.6537294983863831, 0.33600056171417236, 0.19529855251312256, 0.1555229127407074, 0.1396118700504303, 0.12953846156597137, 0.12365245074033737, 0.11706120520830154, 0.11452823132276535, 0.11209054291248322, 0.10950089991092682, 0.1099114716053009, 0.10794685035943985, 0.10657275468111038, 0.10489407926797867, 0.1026577278971672, 0.10512286424636841, 0.1012737974524498, 0.10006076097488403, 0.10049072653055191, 0.09845990687608719, 0.09734500199556351, 0.0981668010354042, 0.09760846942663193, 0.09685815125703812, 0.09494824707508087, 0.09603027999401093, 0.09331638365983963, 0.09483515471220016, 0.0929674431681633, 0.09280505031347275, 0.09411443024873734, 0.09155924618244171, 0.0926867350935936, 0.0917225256562233, 0.09174368530511856, 0.09076502174139023, 0.09002512693405151, 0.08266133069992065, 0.08193318545818329, 0.08163389563560486, 0.08171600103378296, 0.08082300424575806, 0.07986881583929062, 0.08114378899335861, 0.08065073937177658, 0.08044412732124329, 0.0802910104393959, 0.07934083044528961, 0.07919208705425262, 0.08136149495840073, 0.07839972525835037, 0.07971584051847458, 0.0787070095539093, 0.07898382097482681, 0.07935148477554321, 0.07926805317401886, 0.07813207060098648, 0.07641205936670303, 0.07709663361310959, 0.07726344466209412, 0.07642079144716263, 0.07680266350507736, 0.07514891028404236, 0.07714729011058807, 0.07562395930290222, 0.07649064064025879, 0.0773325115442276, 0.07634826004505157, 0.0761728510260582, 0.07536489516496658, 0.07705696672201157, 0.07542590796947479, 0.07468664646148682, 0.07522857934236526, 0.07618064433336258, 0.07614755630493164, 0.07539357990026474, 0.07503180205821991, 0.07491014152765274, 0.07585392147302628, 0.07520464062690735, 0.07548099756240845, 0.07574503868818283, 0.07463189959526062, 0.07640529423952103, 0.07574626803398132], "val_loss": [0.45530620217323303, 0.1745629459619522, 0.12041005492210388, 0.1121211051940918, 0.10449786484241486, 0.10384603589773178, 0.10557544976472855, 0.10169529169797897, 0.10344011336565018, 0.10517100989818573, 0.10839568823575974, 0.10074490308761597, 0.10134628415107727, 0.09982837736606598, 0.09940166771411896, 0.09923113137483597, 0.09882541745901108, 0.10616933554410934, 0.10376852750778198, 0.09730620682239532, 0.09814265370368958, 0.09711554646492004, 0.09730590879917145, 0.0968949943780899, 0.09863289445638657, 0.09850945323705673, 0.0983707532286644, 0.09934931248426437, 0.0965777039527893, 0.09531206637620926, 0.09768316149711609, 0.10089722275733948, 0.09810113906860352, 0.09682796150445938, 0.11082110553979874, 0.09571340680122375, 0.09609541296958923, 0.09660492092370987, 0.09549571573734283, 0.09588174521923065, 0.09424973279237747, 0.09416723996400833, 0.09405998885631561, 0.09659644961357117, 0.09679052233695984, 0.09449408203363419, 0.09430250525474548, 0.0965367779135704, 0.09388194233179092, 0.09343093633651733, 0.09440266340970993, 0.09373040497303009, 0.0947502925992012, 0.09471654891967773, 0.09554356336593628, 0.09377885609865189, 0.0949229821562767, 0.09408081322908401, 0.0935334861278534, 0.09325012564659119, 0.09363319724798203, 0.09321995079517365, 0.09347771108150482, 0.0931755006313324, 0.09339897334575653, 0.09334214776754379, 0.09302297234535217, 0.09407709538936615, 0.09371409565210342, 0.09319345653057098, 0.09332413971424103, 0.09300178289413452, 0.09383559226989746, 0.09383367002010345, 0.0933084711432457, 0.09311283379793167, 0.09334808588027954, 0.09314849227666855, 0.09315881133079529, 0.09327366948127747, 0.09352163970470428, 0.09334778040647507, 0.09338083118200302, 0.09339775145053864, 0.09337209165096283, 0.09337114542722702, 0.0933396965265274], "learning_rate": [0.0010000000474974513, 0.0010000000474974513, 0.0010000000474974513, 0.0010000000474974513, 0.0010000000474974513, 0.0010000000474974513, 0.0010000000474974513, 0.0010000000474974513, 0.0010000000474974513, 0.0010000000474974513, 0.0010000000474974513, 0.0010000000474974513, 0.0010000000474974513, 0.0010000000474974513, 0.0010000000474974513, 0.0010000000474974513, 0.0010000000474974513, 0.0010000000474974513, 0.0010000000474974513, 0.0010000000474974513, 0.0010000000474974513, 0.0010000000474974513, 0.0010000000474974513, 0.0010000000474974513, 0.0010000000474974513, 0.0010000000474974513, 0.0010000000474974513, 0.0010000000474974513, 0.0010000000474974513, 0.0010000000474974513, 0.0010000000474974513, 0.0010000000474974513, 0.0010000000474974513, 0.0010000000474974513, 0.0010000000474974513, 0.0010000000474974513, 0.0010000000474974513, 0.0010000000474974513, 0.00020000000949949026, 0.00020000000949949026, 0.00020000000949949026, 0.00020000000949949026, 0.00020000000949949026, 0.00020000000949949026, 0.00020000000949949026, 0.00020000000949949026, 0.00020000000949949026, 0.00020000000949949026, 0.00020000000949949026, 0.00020000000949949026, 0.00020000000949949026, 0.00020000000949949026, 0.00020000000949949026, 0.00020000000949949026, 0.00020000000949949026, 0.00020000000949949026, 0.00020000000949949026, 0.00020000000949949026, 4.0000002627493814e-05, 4.0000002627493814e-05, 4.0000002627493814e-05, 4.0000002627493814e-05, 4.0000002627493814e-05, 4.0000002627493814e-05, 4.0000002627493814e-05, 4.0000002627493814e-05, 4.0000002627493814e-05, 4.0000002627493814e-05, 4.0000002627493814e-05, 4.0000002627493814e-05, 4.0000002627493814e-05, 4.0000002627493814e-05, 4.0000002627493814e-05, 4.0000002627493814e-05, 4.0000002627493814e-05, 8.000000889296643e-06, 8.000000889296643e-06, 8.000000889296643e-06, 8.000000889296643e-06, 8.000000889296643e-06, 8.000000889296643e-06, 8.000000889296643e-06, 8.000000889296643e-06, 1.6000001323845936e-06, 1.6000001323845936e-06, 1.6000001323845936e-06, 1.6000001323845936e-06]}