{"loss": [3.657914400100708, 2.035522937774658, 1.1283504962921143, 0.6001877784729004, 0.3682743310928345, 0.2746909260749817, 0.2214428037405014, 0.1871878057718277, 0.16109922528266907, 0.14421381056308746, 0.13104148209095, 0.12229957431554794, 0.11496921628713608, 0.110787533223629, 0.1059175431728363, 0.10167580842971802, 0.09961502999067307, 0.09899349510669708, 0.09688688069581985, 0.09498422592878342, 0.09457551687955856, 0.09344325959682465, 0.0928206518292427, 0.09018158912658691, 0.08932432532310486, 0.09010755270719528, 0.08934015780687332, 0.0896705836057663, 0.08749857544898987, 0.08674052357673645, 0.08521480113267899, 0.0864143893122673, 0.08562611043453217, 0.08466047048568726, 0.08472009003162384, 0.0839305967092514, 0.0838019922375679, 0.08316877484321594, 0.0809519812464714, 0.08242872357368469, 0.08255235105752945, 0.08121263980865479, 0.08198243379592896, 0.08214735984802246, 0.08100710064172745, 0.0806092768907547, 0.0804285854101181, 0.08154144138097763, 0.08043796569108963, 0.08141437917947769, 0.0801786482334137, 0.07928234338760376, 0.07898790389299393, 0.07980621606111526, 0.0788278803229332, 0.07782116532325745, 0.07935786247253418, 0.07788752764463425, 0.07794121652841568, 0.0776018500328064, 0.07847820967435837, 0.07701423764228821, 0.07927098125219345, 0.07771952450275421, 0.07614036649465561, 0.07679478824138641, 0.07660771906375885, 0.0752272680401802, 0.07622256129980087, 0.07560069859027863, 0.07652655988931656, 0.07543403655290604, 0.07522180676460266, 0.07541006803512573, 0.07410254329442978, 0.07536235451698303, 0.07495513558387756, 0.07575196027755737, 0.07560016214847565, 0.07424274832010269], "val_loss": [2.6661157608032227, 1.4737321138381958, 0.7426421046257019, 0.40170612931251526, 0.2842716872692108, 0.22361139953136444, 0.186822772026062, 0.16328467428684235, 0.14743800461292267, 0.13071377575397491, 0.12268226593732834, 0.11227625608444214, 0.11042972654104233, 0.10924912989139557, 0.1056348979473114, 0.10172220319509506, 0.09877167642116547, 0.10135573148727417, 0.09619221091270447, 0.09505538642406464, 0.09623868763446808, 0.09603046625852585, 0.0936809554696083, 0.10136493295431137, 0.09600799530744553, 0.09573738276958466, 0.0938766747713089, 0.0936426892876625, 0.09406334161758423, 0.09407210350036621, 0.09370698779821396, 0.09475009143352509, 0.09302708506584167, 0.09294401854276657, 0.09406222403049469, 0.09322062134742737, 0.0930260717868805, 0.09443119168281555, 0.09356870502233505, 0.09656016528606415, 0.09942535310983658, 0.10465125739574432, 0.09979017823934555, 0.09595468640327454, 0.09521280229091644, 0.0945403054356575, 0.0963776707649231, 0.09682866185903549, 0.1013776883482933, 0.10080521553754807, 0.09563575685024261, 0.096330426633358, 0.09790561348199844, 0.09890680760145187, 0.09862663596868515, 0.09679993987083435, 0.09714918583631516, 0.10000382363796234, 0.09771308302879333, 0.09838733077049255, 0.09769034385681152, 0.10014060139656067, 0.10264581441879272, 0.09703340381383896, 0.10501549392938614, 0.0973421260714531, 0.09684953838586807, 0.10414598137140274, 0.0988885909318924, 0.10059313476085663, 0.09818045794963837, 0.10054979473352432, 0.11203029751777649, 0.10942968726158142, 0.09964243322610855, 0.09872982650995255, 0.10099190473556519, 0.10612833499908447, 0.1008116602897644, 0.10297667235136032]}