{"loss": [7.0172576904296875, 3.499681234359741, 1.838076114654541, 0.980460524559021, 0.5539059042930603, 0.36757999658584595, 0.263610303401947, 0.19275930523872375, 0.14957329630851746, 0.12163350731134415, 0.10093782097101212, 0.08890233188867569, 0.08180036395788193, 0.07596402615308762, 0.07067529112100601, 0.06904640793800354, 0.06599731743335724, 0.06504397839307785, 0.06268300861120224, 0.0613524466753006, 0.05919351056218147, 0.060086049139499664, 0.058074939996004105, 0.057017773389816284, 0.057263586670160294, 0.05611125007271767, 0.05518859252333641, 0.05320270359516144, 0.05304340645670891, 0.05301155522465706, 0.0532820001244545, 0.053016357123851776, 0.051779936999082565, 0.051041048020124435, 0.05116670951247215, 0.052019573748111725, 0.04989736154675484, 0.0498708114027977, 0.04995828494429588, 0.05078180506825447, 0.05054992064833641, 0.049755632877349854, 0.04895096272230148, 0.04859156161546707, 0.049476806074380875, 0.0473562590777874, 0.04745474457740784, 0.04784923791885376, 0.04814780876040459, 0.045817457139492035, 0.04812192916870117, 0.04616326093673706, 0.04630865529179573, 0.04735572636127472, 0.04587472230195999, 0.046411674469709396, 0.04567017778754234, 0.04733001068234444, 0.046782054007053375, 0.04535980522632599, 0.044336289167404175, 0.04419012367725372, 0.046108294278383255, 0.0461130291223526, 0.04359428584575653, 0.04592663422226906, 0.04480905830860138, 0.0461399108171463, 0.04541539400815964, 0.044814884662628174, 0.04438909888267517, 0.04255281761288643, 0.04634331539273262, 0.04438444972038269, 0.043938543647527695, 0.044160861521959305, 0.042529359459877014, 0.04401630163192749, 0.04301916062831879, 0.043723881244659424], "val_loss": [4.827147483825684, 2.444551944732666, 1.270150899887085, 0.653145968914032, 0.4098557233810425, 0.28809261322021484, 0.21331974864006042, 0.1620374619960785, 0.12937329709529877, 0.10727230459451675, 0.09140308201313019, 0.08181510120630264, 0.07833235710859299, 0.07869651168584824, 0.07097046077251434, 0.07458999007940292, 0.0699448511004448, 0.07168851047754288, 0.07783067971467972, 0.0802316665649414, 0.0672696977853775, 0.06945478171110153, 0.06947540491819382, 0.06878679245710373, 0.06820464879274368, 0.06709999591112137, 0.07058990001678467, 0.07387973368167877, 0.07604572176933289, 0.07082482427358627, 0.06931722164154053, 0.07303212583065033, 0.07004863768815994, 0.08348847180604935, 0.07397807389497757, 0.07443009316921234, 0.07463773339986801, 0.07712432742118835, 0.07821440696716309, 0.07858619093894958, 0.07777854800224304, 0.07609299570322037, 0.08259709179401398, 0.07709154486656189, 0.0810113400220871, 0.07708586007356644, 0.07518517971038818, 0.07995675504207611, 0.08073285222053528, 0.08057989925146103, 0.07680864632129669, 0.08075481653213501, 0.08168629556894302, 0.08468209952116013, 0.08283109217882156, 0.07921992987394333, 0.08022960275411606, 0.07668299227952957, 0.0736117959022522, 0.07689808309078217, 0.0856868326663971, 0.07604090869426727, 0.07614333927631378, 0.0867934450507164, 0.0819876566529274, 0.0869024395942688, 0.09272198379039764, 0.0848780944943428, 0.07878229022026062, 0.09409784525632858, 0.08490157127380371, 0.08036860078573227, 0.08816684037446976, 0.08662629872560501, 0.08562856167554855, 0.08238060027360916, 0.08097493648529053, 0.08221307396888733, 0.0829334482550621, 0.08017885684967041]}