{"loss": [7.17110538482666, 3.6527254581451416, 1.9379044771194458, 1.043944239616394, 0.5986167192459106, 0.3971636891365051, 0.28192582726478577, 0.20590510964393616, 0.1549786776304245, 0.12495395541191101, 0.10370907187461853, 0.09022729098796844, 0.0822812095284462, 0.07566757500171661, 0.07115767896175385, 0.06878697127103806, 0.06568687409162521, 0.06479918956756592, 0.06225810572504997, 0.06022965535521507, 0.06003853678703308, 0.05823792144656181, 0.057917192578315735, 0.05785229429602623, 0.05684048309922218, 0.056544605642557144, 0.04592374712228775, 0.044321417808532715, 0.044540632516145706, 0.042689401656389236, 0.04307323321700096, 0.04177886247634888, 0.0417906790971756, 0.04152648523449898, 0.0408613346517086, 0.04151611030101776, 0.04028429090976715, 0.03992672637104988, 0.040455419570207596, 0.03926370292901993, 0.03914986178278923, 0.0392138808965683, 0.03862118721008301, 0.03607548400759697, 0.03635784611105919, 0.03663472458720207, 0.03539673611521721, 0.03551502525806427, 0.035995155572891235, 0.03497941046953201], "val_loss": [4.999777793884277, 2.569521188735962, 1.3489662408828735, 0.7029247879981995, 0.44214510917663574, 0.3139185607433319, 0.2249196469783783, 0.17288407683372498, 0.13028103113174438, 0.11692763864994049, 0.09244812279939651, 0.08550695329904556, 0.07701078057289124, 0.07511303573846817, 0.07641492038965225, 0.07285173237323761, 0.07689965516328812, 0.06845767796039581, 0.07680265605449677, 0.07159320265054703, 0.06966166198253632, 0.07658962160348892, 0.07173950225114822, 0.07250861823558807, 0.06992296129465103, 0.08240301162004471, 0.06805309653282166, 0.06906864792108536, 0.06777124851942062, 0.06831789016723633, 0.06620892882347107, 0.06674305349588394, 0.06859951466321945, 0.06531981378793716, 0.06474814563989639, 0.06787648051977158, 0.06674891710281372, 0.06789912283420563, 0.06614357233047485, 0.06611350923776627, 0.06760530173778534, 0.06851298362016678, 0.06703292578458786, 0.06732294708490372, 0.06696218997240067, 0.06626154482364655, 0.06743123382329941, 0.06716969609260559, 0.0666002556681633, 0.06833226978778839], "learning_rate": [0.0010000000474974513, 0.0010000000474974513, 0.0010000000474974513, 0.0010000000474974513, 0.0010000000474974513, 0.0010000000474974513, 0.0010000000474974513, 0.0010000000474974513, 0.0010000000474974513, 0.0010000000474974513, 0.0010000000474974513, 0.0010000000474974513, 0.0010000000474974513, 0.0010000000474974513, 0.0010000000474974513, 0.0010000000474974513, 0.0010000000474974513, 0.0010000000474974513, 0.0010000000474974513, 0.0010000000474974513, 0.0010000000474974513, 0.0010000000474974513, 0.0010000000474974513, 0.0010000000474974513, 0.0010000000474974513, 0.0010000000474974513, 0.00020000000949949026, 0.00020000000949949026, 0.00020000000949949026, 0.00020000000949949026, 0.00020000000949949026, 0.00020000000949949026, 0.00020000000949949026, 0.00020000000949949026, 0.00020000000949949026, 0.00020000000949949026, 0.00020000000949949026, 0.00020000000949949026, 0.00020000000949949026, 0.00020000000949949026, 0.00020000000949949026, 0.00020000000949949026, 0.00020000000949949026, 4.0000002627493814e-05, 4.0000002627493814e-05, 4.0000002627493814e-05, 4.0000002627493814e-05, 4.0000002627493814e-05, 4.0000002627493814e-05, 4.0000002627493814e-05]}