{"loss": [0.656951367855072, 0.3580850064754486, 0.1444825977087021, 0.09631025046110153, 0.08190767467021942, 0.0714627131819725, 0.0646820068359375, 0.05994477495551109, 0.05524291470646858, 0.05205920338630676, 0.049822308123111725, 0.04604675620794296, 0.04370536655187607, 0.04306148365139961, 0.040530938655138016, 0.039528317749500275, 0.03811757266521454, 0.0379338264465332, 0.03653064742684364, 0.03156227990984917, 0.030518224462866783, 0.029938101768493652, 0.029597997665405273, 0.02964726835489273, 0.029092708602547646, 0.028371764346957207], "val_loss": [0.5449717044830322, 0.19981123507022858, 0.10809449106454849, 0.10423525422811508, 0.08005648106336594, 0.07393615692853928, 0.06939452886581421, 0.06664228439331055, 0.06633593142032623, 0.06711950153112411, 0.06404756754636765, 0.0653052106499672, 0.06880402565002441, 0.06685326248407364, 0.06702417880296707, 0.06548988074064255, 0.06753694266080856, 0.06583743542432785, 0.0772072970867157, 0.06499948352575302, 0.0677822157740593, 0.06417247653007507, 0.06821610033512115, 0.06615163385868073, 0.06794501096010208, 0.07078041881322861], "learning_rate": [0.0010000000474974513, 0.0010000000474974513, 0.0010000000474974513, 0.0010000000474974513, 0.0010000000474974513, 0.0010000000474974513, 0.0010000000474974513, 0.0010000000474974513, 0.0010000000474974513, 0.0010000000474974513, 0.0010000000474974513, 0.0010000000474974513, 0.0010000000474974513, 0.0010000000474974513, 0.0010000000474974513, 0.0010000000474974513, 0.0010000000474974513, 0.0010000000474974513, 0.0010000000474974513, 0.0005000000237487257, 0.0005000000237487257, 0.0005000000237487257, 0.0005000000237487257, 0.0005000000237487257, 0.0005000000237487257, 0.0005000000237487257]}