{"loss": [0.641226053237915, 0.27514493465423584, 0.1406531184911728, 0.10913483798503876, 0.09587503224611282, 0.08996999263763428, 0.08215735852718353, 0.07928301393985748, 0.07509572803974152, 0.07417605817317963, 0.07134469598531723, 0.07133015990257263, 0.06701092422008514, 0.06772006303071976, 0.06567742675542831, 0.06479627639055252, 0.0653548613190651, 0.06478534638881683, 0.06419022381305695, 0.06281253695487976, 0.052685558795928955, 0.050887443125247955, 0.050277989357709885, 0.0498710572719574, 0.05023840442299843, 0.0494677796959877, 0.04867510125041008, 0.048950422555208206, 0.048193056136369705, 0.04862546920776367, 0.04887502267956734, 0.04861406236886978, 0.04782808572053909, 0.047601085156202316, 0.047114308923482895, 0.04686480388045311, 0.04563525691628456, 0.047071490436792374, 0.04599950835108757, 0.046170108020305634, 0.04489745944738388, 0.04319647327065468, 0.04428505524992943, 0.04302474483847618, 0.04331962391734123, 0.04343510419130325, 0.042604777961969376, 0.04284317418932915], "val_loss": [0.410434752702713, 0.11688443273305893, 0.0813862532377243, 0.0714917853474617, 0.06602653861045837, 0.06711258739233017, 0.06362565606832504, 0.07723425328731537, 0.07167353481054306, 0.07536672055721283, 0.06839713454246521, 0.06214190647006035, 0.0650436207652092, 0.06517393887042999, 0.06949736177921295, 0.06946660578250885, 0.06360762566328049, 0.06409980356693268, 0.07196137309074402, 0.06897611916065216, 0.061941228806972504, 0.062472037971019745, 0.059962183237075806, 0.06024778261780739, 0.06448797881603241, 0.061502862721681595, 0.0642671138048172, 0.06418430805206299, 0.06175815314054489, 0.05934011936187744, 0.061030078679323196, 0.0601934939622879, 0.05870503559708595, 0.05935775116086006, 0.05910814180970192, 0.0601661317050457, 0.06373141705989838, 0.06218317896127701, 0.059203553944826126, 0.05952399969100952, 0.0601414255797863, 0.06040702387690544, 0.06013041362166405, 0.06152131408452988, 0.06089354306459427, 0.06054854020476341, 0.059904083609580994, 0.06020042672753334], "learning_rate": [0.0010000000474974513, 0.0010000000474974513, 0.0010000000474974513, 0.0010000000474974513, 0.0010000000474974513, 0.0010000000474974513, 0.0010000000474974513, 0.0010000000474974513, 0.0010000000474974513, 0.0010000000474974513, 0.0010000000474974513, 0.0010000000474974513, 0.0010000000474974513, 0.0010000000474974513, 0.0010000000474974513, 0.0010000000474974513, 0.0010000000474974513, 0.0010000000474974513, 0.0010000000474974513, 0.0010000000474974513, 0.00020000000949949026, 0.00020000000949949026, 0.00020000000949949026, 0.00020000000949949026, 0.00020000000949949026, 0.00020000000949949026, 0.00020000000949949026, 0.00020000000949949026, 0.00020000000949949026, 0.00020000000949949026, 0.00020000000949949026, 0.00020000000949949026, 0.00020000000949949026, 0.00020000000949949026, 0.00020000000949949026, 0.00020000000949949026, 0.00020000000949949026, 0.00020000000949949026, 0.00020000000949949026, 0.00020000000949949026, 0.00020000000949949026, 4.0000002627493814e-05, 4.0000002627493814e-05, 4.0000002627493814e-05, 4.0000002627493814e-05, 4.0000002627493814e-05, 4.0000002627493814e-05, 4.0000002627493814e-05]}