{"loss": [0.664118230342865, 0.3774620294570923, 0.13607758283615112, 0.08364653587341309, 0.06710714101791382, 0.056574322283267975, 0.049011554569005966, 0.04281061142683029, 0.038836702704429626, 0.03400345891714096, 0.03210942819714546, 0.029895391315221786, 0.02777593396604061, 0.02592923492193222, 0.025411445647478104, 0.01993218995630741, 0.017783546820282936, 0.017112737521529198, 0.017491323873400688, 0.01761103793978691, 0.016647180542349815, 0.017067210748791695, 0.01605287939310074, 0.016525568440556526, 0.015616101212799549, 0.01362703274935484, 0.012929935939610004, 0.012634681537747383, 0.01256853248924017, 0.012476423755288124, 0.01260741613805294, 0.01237721461802721], "val_loss": [0.5650629997253418, 0.20251958072185516, 0.09460189938545227, 0.07293237000703812, 0.0603705570101738, 0.05862661823630333, 0.05342599004507065, 0.05334336683154106, 0.06015142798423767, 0.05456625297665596, 0.05454724282026291, 0.054125867784023285, 0.0551513135433197, 0.06352685391902924, 0.05609235167503357, 0.054672203958034515, 0.052760932594537735, 0.05474265664815903, 0.054890211671590805, 0.05767170339822769, 0.054479535669088364, 0.05408898741006851, 0.0546848326921463, 0.05591054633259773, 0.05515902861952782, 0.0549270324409008, 0.0545751117169857, 0.05445367470383644, 0.056467216461896896, 0.054854679852724075, 0.057283155620098114, 0.054911646991968155], "learning_rate": [0.0010000000474974513, 0.0010000000474974513, 0.0010000000474974513, 0.0010000000474974513, 0.0010000000474974513, 0.0010000000474974513, 0.0010000000474974513, 0.0010000000474974513, 0.0010000000474974513, 0.0010000000474974513, 0.0010000000474974513, 0.0010000000474974513, 0.0010000000474974513, 0.0010000000474974513, 0.0010000000474974513, 0.0005000000237487257, 0.0005000000237487257, 0.0005000000237487257, 0.0005000000237487257, 0.0005000000237487257, 0.0005000000237487257, 0.0005000000237487257, 0.0005000000237487257, 0.0005000000237487257, 0.0005000000237487257, 0.0002500000118743628, 0.0002500000118743628, 0.0002500000118743628, 0.0002500000118743628, 0.0002500000118743628, 0.0002500000118743628, 0.0002500000118743628]}