{"loss": [11.895041465759277, 5.52532958984375, 2.695298671722412, 1.4453814029693604, 0.8074085116386414, 0.5056026577949524, 0.34007206559181213, 0.2339957058429718, 0.16270574927330017, 0.11870697885751724, 0.092223159968853, 0.07598759979009628, 0.06587396562099457, 0.059711866080760956, 0.0561438612639904, 0.05125128850340843, 0.05068988353013992, 0.04903632774949074, 0.04788249731063843, 0.04633462056517601, 0.044824596494436264, 0.04494107514619827, 0.04364409297704697, 0.04557928442955017, 0.04426660016179085, 0.04462622478604317, 0.042611174285411835, 0.04250461608171463, 0.041248470544815063, 0.0421120785176754, 0.04042425379157066, 0.041593413800001144, 0.04129204899072647, 0.0408736951649189, 0.04089276120066643, 0.04135636240243912, 0.03976443037390709, 0.03862801939249039, 0.03827507793903351, 0.0413162000477314, 0.03932124003767967, 0.040720537304878235, 0.03753640502691269, 0.03717315196990967, 0.036586031317710876, 0.03941992297768593, 0.03698962554335594, 0.03798554092645645, 0.03791919723153114, 0.038073744624853134, 0.03936314210295677, 0.03850340098142624, 0.03658577427268028, 0.03707271069288254, 0.036387067288160324, 0.03619527816772461, 0.038886647671461105, 0.03693852201104164, 0.037009041756391525, 0.03580382838845253, 0.037003446370363235, 0.03575160354375839, 0.03800280764698982, 0.036638882011175156, 0.036394935101270676, 0.037515610456466675, 0.036036282777786255, 0.03620222955942154, 0.0382603220641613, 0.036679837852716446, 0.03583173081278801, 0.03527535870671272, 0.0373910553753376, 0.035597581416368484, 0.03583565726876259, 0.037780921906232834, 0.035995107144117355, 0.036760084331035614, 0.03657810762524605, 0.03529325872659683], "val_loss": [7.909813404083252, 3.696307897567749, 1.8812001943588257, 1.0007100105285645, 0.5893637537956238, 0.39488035440444946, 0.27672064304351807, 0.19020430743694305, 0.1403590440750122, 0.10839666426181793, 0.09094452112913132, 0.0803428590297699, 0.07194443047046661, 0.06879532337188721, 0.06889461725950241, 0.0645836740732193, 0.07226136326789856, 0.06825011223554611, 0.06677177548408508, 0.06814117729663849, 0.06437300890684128, 0.06434544920921326, 0.06572474539279938, 0.07401455193758011, 0.07208697497844696, 0.06802333891391754, 0.06464462727308273, 0.07283294945955276, 0.06667336076498032, 0.0733506977558136, 0.06810112297534943, 0.07334685325622559, 0.06727878749370575, 0.0688939020037651, 0.07236137986183167, 0.0717441663146019, 0.06935076415538788, 0.07150017470121384, 0.0805538073182106, 0.07142972201108932, 0.0745554193854332, 0.0734168216586113, 0.06790877878665924, 0.07398004829883575, 0.07020614296197891, 0.0743829682469368, 0.0823439359664917, 0.08026070892810822, 0.07469005137681961, 0.07629896700382233, 0.07658372074365616, 0.0742143765091896, 0.06854134798049927, 0.07129741460084915, 0.07330062985420227, 0.07205262780189514, 0.09249968826770782, 0.07677695155143738, 0.07822809368371964, 0.07433579862117767, 0.07165780663490295, 0.07415459305047989, 0.0717490166425705, 0.0721195638179779, 0.08189837634563446, 0.07407566905021667, 0.07356094568967819, 0.06918531656265259, 0.08015352487564087, 0.07743199169635773, 0.07391992956399918, 0.07225170731544495, 0.07251204550266266, 0.07489364594221115, 0.07627785950899124, 0.07487185299396515, 0.08102422207593918, 0.10178437829017639, 0.08520739525556564, 0.07907495647668839]}