{"loss": [0.627805769443512, 0.2435152381658554, 0.11429339647293091, 0.08783847838640213, 0.07690489292144775, 0.06935175508260727, 0.06507670879364014, 0.06077433377504349, 0.05838098004460335, 0.05507304146885872, 0.055457789450883865, 0.05394630879163742, 0.054291725158691406, 0.04045626148581505, 0.037436824291944504, 0.03572975471615791, 0.03502751886844635, 0.034116342663764954, 0.03328091651201248, 0.03278881311416626], "val_loss": [0.37924835085868835, 0.09678532183170319, 0.06280267983675003, 0.06218690052628517, 0.052620381116867065, 0.05369611829519272, 0.05513720214366913, 0.06113620474934578, 0.055814098566770554, 0.058096691966056824, 0.05706395208835602, 0.06172465160489082, 0.05771558731794357, 0.05702075734734535, 0.054976239800453186, 0.05514911562204361, 0.055178239941596985, 0.05571102723479271, 0.05796489119529724, 0.05735994130373001], "learning_rate": [0.0010000000474974513, 0.0010000000474974513, 0.0010000000474974513, 0.0010000000474974513, 0.0010000000474974513, 0.0010000000474974513, 0.0010000000474974513, 0.0010000000474974513, 0.0010000000474974513, 0.0010000000474974513, 0.0010000000474974513, 0.0010000000474974513, 0.0010000000474974513, 0.00020000000949949026, 0.00020000000949949026, 0.00020000000949949026, 0.00020000000949949026, 0.00020000000949949026, 0.00020000000949949026, 0.00020000000949949026]}