{"loss": [11.782301902770996, 5.394616603851318, 2.6115939617156982, 1.3715909719467163, 0.7429901361465454, 0.4587007761001587, 0.3080359995365143, 0.21345436573028564, 0.15062196552753448, 0.11232069134712219, 0.08982552587985992, 0.07488815486431122, 0.06618618220090866, 0.059068892151117325, 0.05428624153137207, 0.05318035930395126, 0.0489930585026741, 0.05109690874814987, 0.0479687862098217, 0.046965114772319794, 0.044729720801115036, 0.04548225551843643, 0.04369611665606499, 0.04249369353055954, 0.04267701879143715, 0.04214101284742355, 0.04114290326833725, 0.04086123779416084, 0.041348326951265335, 0.04020646959543228, 0.040616147220134735, 0.041378818452358246, 0.04053730517625809, 0.030781639739871025, 0.028879381716251373, 0.027056334540247917, 0.025518393144011497, 0.024945078417658806, 0.024442249909043312, 0.024523969739675522], "val_loss": [7.757851600646973, 3.589533567428589, 1.8033233880996704, 0.9189810752868652, 0.5332956314086914, 0.3552696406841278, 0.24560339748859406, 0.17552818357944489, 0.1275322437286377, 0.10167047381401062, 0.08599543571472168, 0.07352891564369202, 0.0687909945845604, 0.07024078071117401, 0.06828800588846207, 0.0653492733836174, 0.06151534244418144, 0.06310849636793137, 0.0655190721154213, 0.06208902597427368, 0.06254371255636215, 0.062080640345811844, 0.06534820795059204, 0.063702791929245, 0.05956101790070534, 0.06828713417053223, 0.06522540748119354, 0.06496676802635193, 0.07038439810276031, 0.0669417753815651, 0.06720581650733948, 0.06741099059581757, 0.06479427218437195, 0.06504970043897629, 0.06403160840272903, 0.06310031563043594, 0.06332951784133911, 0.06426148861646652, 0.06315729022026062, 0.062412794679403305], "learning_rate": [0.0010000000474974513, 0.0010000000474974513, 0.0010000000474974513, 0.0010000000474974513, 0.0010000000474974513, 0.0010000000474974513, 0.0010000000474974513, 0.0010000000474974513, 0.0010000000474974513, 0.0010000000474974513, 0.0010000000474974513, 0.0010000000474974513, 0.0010000000474974513, 0.0010000000474974513, 0.0010000000474974513, 0.0010000000474974513, 0.0010000000474974513, 0.0010000000474974513, 0.0010000000474974513, 0.0010000000474974513, 0.0010000000474974513, 0.0010000000474974513, 0.0010000000474974513, 0.0010000000474974513, 0.0010000000474974513, 0.0010000000474974513, 0.0010000000474974513, 0.0010000000474974513, 0.0010000000474974513, 0.0010000000474974513, 0.0010000000474974513, 0.0010000000474974513, 0.0010000000474974513, 0.00020000000949949026, 0.00020000000949949026, 0.00020000000949949026, 0.00020000000949949026, 0.00020000000949949026, 0.00020000000949949026, 0.00020000000949949026]}