{"loss": [0.6472009420394897, 0.30192434787750244, 0.11523912101984024, 0.07919058948755264, 0.06543955951929092, 0.05937068909406662, 0.055489588528871536, 0.052822694182395935, 0.047951024025678635, 0.050324760377407074, 0.049519848078489304, 0.047372251749038696, 0.04663524031639099, 0.047738414257764816, 0.04686238244175911, 0.035140510648489, 0.02884914167225361, 0.023825230076909065, 0.021739747375249863, 0.019462259486317635, 0.018191836774349213, 0.017518090084195137, 0.016131194308400154, 0.01516404002904892, 0.014909034594893456, 0.01388622634112835, 0.01325185690075159, 0.01303119771182537, 0.012789065018296242, 0.011897380463778973, 0.011917928233742714, 0.012156134471297264, 0.011758408509194851, 0.01198571640998125, 0.011505939066410065, 0.01101218443363905, 0.010773831978440285, 0.010769546963274479, 0.010482532903552055, 0.011173306964337826, 0.010615618899464607, 0.01113926526159048, 0.010306588374078274, 0.010017617605626583, 0.009897120296955109, 0.010342538356781006, 0.01104990765452385, 0.010165751911699772, 0.008652552962303162, 0.007983294315636158, 0.008040186017751694, 0.007609848864376545, 0.007676873821765184, 0.007306602317839861, 0.007214689627289772], "val_loss": [0.4599226117134094, 0.1264190822839737, 0.06721839308738708, 0.054081086069345474, 0.05204524099826813, 0.05252314358949661, 0.04593093320727348, 0.05275627598166466, 0.04953644424676895, 0.051327794790267944, 0.051159489899873734, 0.05469745025038719, 0.05363671854138374, 0.0575205460190773, 0.05571206659078598, 0.051944550126791, 0.04951190948486328, 0.051201775670051575, 0.04683365672826767, 0.04578014463186264, 0.05037526413798332, 0.04333196580410004, 0.042981185019016266, 0.04356684163212776, 0.04375915229320526, 0.043710771948099136, 0.042763855308294296, 0.04242047294974327, 0.04215339571237564, 0.04243193939328194, 0.04421611875295639, 0.04133458435535431, 0.04202264919877052, 0.042225196957588196, 0.04324185103178024, 0.0457773432135582, 0.041927698999643326, 0.04743798077106476, 0.040663450956344604, 0.03997019678354263, 0.04193483293056488, 0.0431697815656662, 0.04331167787313461, 0.04367827624082565, 0.04349209740757942, 0.04750514030456543, 0.04175494611263275, 0.043671902269124985, 0.04312850162386894, 0.04359462484717369, 0.044597823172807693, 0.04253941774368286, 0.04321659728884697, 0.04212459549307823, 0.04319792613387108], "learning_rate": [0.0010000000474974513, 0.0010000000474974513, 0.0010000000474974513, 0.0010000000474974513, 0.0010000000474974513, 0.0010000000474974513, 0.0010000000474974513, 0.0010000000474974513, 0.0010000000474974513, 0.0010000000474974513, 0.0010000000474974513, 0.0010000000474974513, 0.0010000000474974513, 0.0010000000474974513, 0.0010000000474974513, 0.00020000000949949026, 0.00020000000949949026, 0.00020000000949949026, 0.00020000000949949026, 0.00020000000949949026, 0.00020000000949949026, 0.00020000000949949026, 0.00020000000949949026, 0.00020000000949949026, 0.00020000000949949026, 0.00020000000949949026, 0.00020000000949949026, 0.00020000000949949026, 0.00020000000949949026, 0.00020000000949949026, 0.00020000000949949026, 0.00020000000949949026, 0.00020000000949949026, 0.00020000000949949026, 0.00020000000949949026, 0.00020000000949949026, 0.00020000000949949026, 0.00020000000949949026, 0.00020000000949949026, 0.00020000000949949026, 0.00020000000949949026, 0.00020000000949949026, 0.00020000000949949026, 0.00020000000949949026, 0.00020000000949949026, 0.00020000000949949026, 0.00020000000949949026, 0.00020000000949949026, 4.0000002627493814e-05, 4.0000002627493814e-05, 4.0000002627493814e-05, 4.0000002627493814e-05, 4.0000002627493814e-05, 4.0000002627493814e-05, 4.0000002627493814e-05]}