{"loss": [25.10698699951172, 10.633831977844238, 4.4851861000061035, 2.009592294692993, 0.9070913791656494, 0.43653741478919983, 0.24653246998786926, 0.15794046223163605, 0.10896812379360199, 0.08008641749620438, 0.0666746199131012, 0.05824989080429077, 0.052639856934547424, 0.04768994823098183, 0.047580718994140625, 0.04409600421786308, 0.04297643527388573, 0.04373672604560852, 0.04454651102423668, 0.04105230048298836, 0.042924169450998306, 0.04044288769364357, 0.040717821568250656, 0.04143913462758064, 0.04013452306389809, 0.0428239069879055, 0.04042810574173927, 0.039861783385276794, 0.039594534784555435, 0.04155288636684418, 0.03805737569928169, 0.037070274353027344, 0.03802637755870819, 0.029812360182404518, 0.023866567760705948, 0.020871246233582497, 0.019074661657214165, 0.017006145790219307, 0.015513317659497261, 0.014329144731163979, 0.013773918151855469, 0.012968574650585651, 0.012726027518510818, 0.011697104200720787, 0.011612916365265846, 0.011287412606179714, 0.01151308324187994, 0.010945789515972137, 0.010260150767862797, 0.01045506913214922, 0.010766331106424332, 0.010313289240002632, 0.010141709819436073, 0.010284963995218277, 0.010027309879660606, 0.009337814524769783, 0.009593931958079338, 0.009951765649020672, 0.008787868544459343, 0.008245578035712242, 0.007758353371173143, 0.0074546365067362785, 0.007321074139326811, 0.007452978286892176, 0.007184871006757021, 0.006995067466050386, 0.0069721597246825695, 0.006915563251823187, 0.006900932174175978, 0.006820723880082369, 0.006685453001409769, 0.00673028314486146], "val_loss": [15.934759140014648, 6.645879745483398, 2.8826730251312256, 1.2726799249649048, 0.5623632669448853, 0.2996493875980377, 0.18855029344558716, 0.13026702404022217, 0.09591866284608841, 0.07871560007333755, 0.06573087722063065, 0.06396220624446869, 0.05371050909161568, 0.05448734015226364, 0.05474354699254036, 0.051694512367248535, 0.06290540099143982, 0.05937320739030838, 0.050208766013383865, 0.052694886922836304, 0.054121870547533035, 0.05545387417078018, 0.04951196163892746, 0.061422236263751984, 0.0489841029047966, 0.05028994008898735, 0.051078129559755325, 0.0531214214861393, 0.05527952313423157, 0.055504847317934036, 0.053849413990974426, 0.05256585776805878, 0.05138103663921356, 0.04772115871310234, 0.04652920365333557, 0.04269973561167717, 0.04335739091038704, 0.04402145370841026, 0.044305287301540375, 0.041699763387441635, 0.04200027510523796, 0.042674046009778976, 0.038905221968889236, 0.03997572138905525, 0.04347836598753929, 0.038977377116680145, 0.03924993798136711, 0.040901344269514084, 0.03969180956482887, 0.03781936317682266, 0.04609473794698715, 0.04138588905334473, 0.04109308496117592, 0.04244353249669075, 0.04141012579202652, 0.038745634257793427, 0.03780418261885643, 0.038179509341716766, 0.040361419320106506, 0.03998510539531708, 0.041884370148181915, 0.03955831751227379, 0.04064913094043732, 0.04006960242986679, 0.04065531864762306, 0.04068822041153908, 0.03957994654774666, 0.04002923145890236, 0.04002480208873749, 0.040356483310461044, 0.039661869406700134, 0.04000028595328331], "learning_rate": [0.0010000000474974513, 0.0010000000474974513, 0.0010000000474974513, 0.0010000000474974513, 0.0010000000474974513, 0.0010000000474974513, 0.0010000000474974513, 0.0010000000474974513, 0.0010000000474974513, 0.0010000000474974513, 0.0010000000474974513, 0.0010000000474974513, 0.0010000000474974513, 0.0010000000474974513, 0.0010000000474974513, 0.0010000000474974513, 0.0010000000474974513, 0.0010000000474974513, 0.0010000000474974513, 0.0010000000474974513, 0.0010000000474974513, 0.0010000000474974513, 0.0010000000474974513, 0.0010000000474974513, 0.0010000000474974513, 0.0010000000474974513, 0.0010000000474974513, 0.0010000000474974513, 0.0010000000474974513, 0.0010000000474974513, 0.0010000000474974513, 0.0010000000474974513, 0.0010000000474974513, 0.00020000000949949026, 0.00020000000949949026, 0.00020000000949949026, 0.00020000000949949026, 0.00020000000949949026, 0.00020000000949949026, 0.00020000000949949026, 0.00020000000949949026, 0.00020000000949949026, 0.00020000000949949026, 0.00020000000949949026, 0.00020000000949949026, 0.00020000000949949026, 0.00020000000949949026, 0.00020000000949949026, 0.00020000000949949026, 0.00020000000949949026, 0.00020000000949949026, 0.00020000000949949026, 0.00020000000949949026, 0.00020000000949949026, 0.00020000000949949026, 0.00020000000949949026, 0.00020000000949949026, 0.00020000000949949026, 4.0000002627493814e-05, 4.0000002627493814e-05, 4.0000002627493814e-05, 4.0000002627493814e-05, 4.0000002627493814e-05, 4.0000002627493814e-05, 4.0000002627493814e-05, 4.0000002627493814e-05, 8.000000889296643e-06, 8.000000889296643e-06, 8.000000889296643e-06, 8.000000889296643e-06, 8.000000889296643e-06, 8.000000889296643e-06]}