{"loss": [25.407062530517578, 10.933917999267578, 4.615512371063232, 2.0604588985443115, 0.9078678488731384, 0.4112929701805115, 0.2225019335746765, 0.13895604014396667, 0.09701769053936005, 0.07579727470874786, 0.05985194072127342, 0.05435652285814285, 0.05069516599178314, 0.047444362193346024, 0.04745645821094513, 0.04491637647151947, 0.04311031103134155, 0.04129039868712425, 0.041714828461408615, 0.04231727495789528, 0.04338517412543297, 0.04127660393714905, 0.0397762767970562, 0.040487002581357956, 0.04058850556612015, 0.040974609553813934, 0.04161654785275459, 0.0414133295416832, 0.040773406624794006, 0.03841547295451164, 0.03906046226620674, 0.03814360871911049, 0.03617631644010544, 0.03699209541082382, 0.03644491359591484, 0.03995252773165703, 0.03766694664955139, 0.03750205412507057, 0.03780404478311539, 0.036143187433481216, 0.03594746068120003, 0.03677816316485405, 0.03761741518974304, 0.0347452387213707, 0.03763347864151001, 0.034525301307439804, 0.03466997668147087, 0.03500254452228546, 0.037016861140728, 0.03480145335197449, 0.034497495740652084, 0.03632279857993126, 0.03470468893647194, 0.03580472245812416, 0.033597879111766815, 0.03422018885612488, 0.03516939654946327, 0.03450968861579895, 0.03483361005783081, 0.03406870737671852, 0.03351633623242378, 0.03249416872859001, 0.036679238080978394, 0.035774994641542435, 0.03604211285710335, 0.03466619551181793, 0.034531909972429276, 0.032056551426649094, 0.0338309183716774, 0.03401948884129524, 0.03446459025144577, 0.03412609174847603, 0.03265795111656189, 0.03299340233206749, 0.033238038420677185, 0.03477306663990021, 0.03580283373594284, 0.03499136492609978, 0.0329110212624073, 0.03434254601597786], "val_loss": [16.316556930541992, 6.850200653076172, 2.964043140411377, 1.3092557191848755, 0.5357057452201843, 0.27015167474746704, 0.16551576554775238, 0.11249209940433502, 0.08446981012821198, 0.0739201009273529, 0.06573446840047836, 0.05623416602611542, 0.05448368564248085, 0.05213659629225731, 0.05229218676686287, 0.054988451302051544, 0.05371088907122612, 0.05272058770060539, 0.05895151197910309, 0.0471053421497345, 0.06068968400359154, 0.05426787585020065, 0.05280480161309242, 0.05368846282362938, 0.04983963817358017, 0.06515229493379593, 0.05175847187638283, 0.053096577525138855, 0.05351411923766136, 0.056899335235357285, 0.0606253556907177, 0.054170556366443634, 0.05498183146119118, 0.05914599075913429, 0.06484784930944443, 0.05474531278014183, 0.053971171379089355, 0.07015365362167358, 0.04958302155137062, 0.051277149468660355, 0.05767838656902313, 0.054224565625190735, 0.05385306850075722, 0.06529898941516876, 0.05571512505412102, 0.05167676508426666, 0.05861040577292442, 0.06030109152197838, 0.05738287419080734, 0.05562752112746239, 0.0575203001499176, 0.05312001332640648, 0.05631205439567566, 0.05727577582001686, 0.05276375263929367, 0.05721036344766617, 0.06751542538404465, 0.054151445627212524, 0.04877496510744095, 0.06070679798722267, 0.059815503656864166, 0.06016051769256592, 0.06044486165046692, 0.06951741874217987, 0.05512984097003937, 0.051748089492321014, 0.05218842625617981, 0.055987317115068436, 0.057231370359659195, 0.05431031063199043, 0.06028001755475998, 0.05158216506242752, 0.05458742752671242, 0.051475297659635544, 0.06458254903554916, 0.05999837815761566, 0.053001269698143005, 0.055083613842725754, 0.05714694783091545, 0.053615033626556396]}