{"loss": [0.6557930707931519, 0.4119974970817566, 0.15551885962486267, 0.07179319858551025, 0.05130130052566528, 0.042562227696180344, 0.03377791866660118, 0.03026663511991501, 0.024742085486650467, 0.020824022591114044, 0.022185539826750755, 0.022636238485574722, 0.020979488268494606, 0.019983049482107162, 0.021001901477575302, 0.023841654881834984, 0.02072175405919552, 0.01482018455862999, 0.010426359251141548, 0.008742422796785831, 0.009052789770066738, 0.01377347856760025, 0.01250144001096487, 0.009599911980330944, 0.009558755904436111, 0.011314790695905685, 0.012414040975272655, 0.010930540971457958, 0.008453155867755413, 0.010751462541520596, 0.01071555819362402, 0.010460483841598034, 0.01072624046355486, 0.009584881365299225, 0.00939030572772026, 0.00932255107909441, 0.01305773202329874, 0.009844163432717323, 0.007596222683787346, 0.006459790747612715, 0.005740660708397627, 0.005337002221494913, 0.005574267357587814, 0.007116430439054966, 0.006172850728034973, 0.005427801050245762, 0.004847311414778233, 0.004896368365734816, 0.006003296002745628, 0.005369211547076702, 0.00442533241584897, 0.004040916450321674, 0.0038090229500085115, 0.0036492564249783754, 0.003575600916519761, 0.003500889288261533, 0.003529653651639819, 0.0038658897392451763, 0.003858278738334775, 0.003445951035246253, 0.0032593810465186834, 0.0032832964789122343, 0.003295203670859337, 0.0033062484581023455, 0.003339214250445366, 0.0033037711400538683, 0.00315124006010592, 0.003116255858913064, 0.003289332613348961, 0.003161538392305374, 0.003102922346442938, 0.0027915267273783684, 0.002624150365591049, 0.0025482075288891792, 0.002515926258638501, 0.0025181295350193977, 0.002510735532268882, 0.0025058009196072817, 0.002486167009919882, 0.002357468707486987, 0.0022972554434090853, 0.002289546886458993, 0.002272277371957898, 0.002265593968331814, 0.0022458680905401707, 0.0022535868920385838, 0.002228356432169676, 0.0022453442215919495, 0.0022045341320335865, 0.002193255117163062, 0.002192023443058133, 0.0021844455040991306, 0.002181515796110034, 0.0021604765206575394, 0.0021516105625778437, 0.0021579223684966564, 0.0021345128770917654, 0.0020613111555576324, 0.0020492507610470057, 0.002047125715762377], "val_loss": [0.5632022619247437, 0.26384440064430237, 0.09901899099349976, 0.0641591027379036, 0.05827317014336586, 0.05260332673788071, 0.04792704060673714, 0.05053604021668434, 0.043502070009708405, 0.05159245431423187, 0.05002082139253616, 0.050882428884506226, 0.04784243926405907, 0.049802783876657486, 0.052084702998399734, 0.052482038736343384, 0.04966419190168381, 0.045087993144989014, 0.042803142219781876, 0.04266893491148949, 0.042413558810949326, 0.04459361359477043, 0.04369497299194336, 0.04673784226179123, 0.04493327811360359, 0.052732013165950775, 0.04449273645877838, 0.04395502805709839, 0.040884777903556824, 0.04422883689403534, 0.04449499398469925, 0.04441240057349205, 0.04341541603207588, 0.04305190593004227, 0.04329627379775047, 0.042398545891046524, 0.04644288867712021, 0.04380551725625992, 0.04266587644815445, 0.04164879024028778, 0.03941596671938896, 0.03938993439078331, 0.03989185020327568, 0.04405644163489342, 0.043112318962812424, 0.0409504733979702, 0.03933700919151306, 0.041038691997528076, 0.04728449881076813, 0.03950243443250656, 0.039314113557338715, 0.03976258262991905, 0.03836343437433243, 0.03837215155363083, 0.03701530024409294, 0.03827932849526405, 0.035729024559259415, 0.04184933006763458, 0.035618867725133896, 0.03604161739349365, 0.03599118813872337, 0.037172816693782806, 0.03471557796001434, 0.03606706112623215, 0.03663928806781769, 0.03659110516309738, 0.036822423338890076, 0.0368243083357811, 0.03608325123786926, 0.03534561023116112, 0.036432940512895584, 0.035899173468351364, 0.03530588373541832, 0.035503044724464417, 0.035677842795848846, 0.03462085872888565, 0.03560783714056015, 0.03490328788757324, 0.03544870764017105, 0.03505518659949303, 0.03481512516736984, 0.034979261457920074, 0.03492380678653717, 0.03476248309016228, 0.034331467002630234, 0.03427828475832939, 0.034638650715351105, 0.03439989686012268, 0.034156668931245804, 0.0351654514670372, 0.034287840127944946, 0.03448924422264099, 0.034358371049165726, 0.03490845486521721, 0.034489620476961136, 0.03449776768684387, 0.034567344933748245, 0.03456860035657883, 0.03434824198484421, 0.03450842946767807], "learning_rate": [0.0010000000474974513, 0.0010000000474974513, 0.0010000000474974513, 0.0010000000474974513, 0.0010000000474974513, 0.0010000000474974513, 0.0010000000474974513, 0.0010000000474974513, 0.0010000000474974513, 0.0010000000474974513, 0.0010000000474974513, 0.0010000000474974513, 0.0010000000474974513, 0.0010000000474974513, 0.0010000000474974513, 0.0010000000474974513, 0.0010000000474974513, 0.0005000000237487257, 0.0005000000237487257, 0.0005000000237487257, 0.0005000000237487257, 0.0005000000237487257, 0.0005000000237487257, 0.0005000000237487257, 0.0005000000237487257, 0.0005000000237487257, 0.0005000000237487257, 0.0005000000237487257, 0.0005000000237487257, 0.0005000000237487257, 0.0005000000237487257, 0.0005000000237487257, 0.0005000000237487257, 0.0005000000237487257, 0.0005000000237487257, 0.0005000000237487257, 0.0005000000237487257, 0.0002500000118743628, 0.0002500000118743628, 0.0002500000118743628, 0.0002500000118743628, 0.0002500000118743628, 0.0002500000118743628, 0.0002500000118743628, 0.0002500000118743628, 0.0002500000118743628, 0.0002500000118743628, 0.0002500000118743628, 0.0002500000118743628, 0.0001250000059371814, 0.0001250000059371814, 0.0001250000059371814, 0.0001250000059371814, 0.0001250000059371814, 0.0001250000059371814, 0.0001250000059371814, 0.0001250000059371814, 0.0001250000059371814, 0.0001250000059371814, 0.0001250000059371814, 0.0001250000059371814, 0.0001250000059371814, 0.0001250000059371814, 0.0001250000059371814, 0.0001250000059371814, 0.0001250000059371814, 0.0001250000059371814, 0.0001250000059371814, 0.0001250000059371814, 0.0001250000059371814, 0.0001250000059371814, 6.25000029685907e-05, 6.25000029685907e-05, 6.25000029685907e-05, 6.25000029685907e-05, 6.25000029685907e-05, 6.25000029685907e-05, 6.25000029685907e-05, 6.25000029685907e-05, 3.125000148429535e-05, 3.125000148429535e-05, 3.125000148429535e-05, 3.125000148429535e-05, 3.125000148429535e-05, 3.125000148429535e-05, 3.125000148429535e-05, 3.125000148429535e-05, 3.125000148429535e-05, 3.125000148429535e-05, 3.125000148429535e-05, 3.125000148429535e-05, 3.125000148429535e-05, 3.125000148429535e-05, 3.125000148429535e-05, 3.125000148429535e-05, 3.125000148429535e-05, 3.125000148429535e-05, 1.5625000742147677e-05, 1.5625000742147677e-05, 1.5625000742147677e-05]}